Date,Home Team,Home Score,Away Team,Away Score
2020-08-22,Sacred Heart,6,Knob Noster,0
2020-08-22,Lone Jack,1,Knob Noster,0
2020-08-28,Winfield,4,Canton,6
2020-08-28,Marshfield,1,Carl Junction,0
2020-08-28,Springfield Catholic,1,Central (Springfield),0
2020-08-28,Lebanon,8,Dixon,2
2020-08-28,Timberland,0,Ft. Zumwalt South,3
2020-08-28,Pembroke Hill,2,Lee's Summit West,1
2020-08-28,Fair Grove,2,Logan-Rogersville,8
2020-08-28,Pleasant Hill,5,Lone Jack,2
2020-08-28,Savannah,2,Osage,0
2020-08-28,Glendale,1,Ozark,2
2020-08-28,Rockhurst,2,Park Hill South,1
2020-08-28,Green Ridge,0,St. Paul Lutheran (Concordia),2
2020-08-28,West Plains,2,Webb City,0
2020-08-28,Cristo Rey,0,Van Horn,8
2020-08-28,Sacred Heart,2,Willard,5
2020-08-29,Fulton,3,Battle,2
2020-08-29,St. Michael the Archangel,1,Blue Springs South,2
2020-08-29,Dixon,1,Carl Junction,4
2020-08-29,Fox,1,Farmington,3
2020-08-29,Lutheran St. Charles,0,Ft. Zumwalt North,0
2020-08-29,St. Charles,0,Ft. Zumwalt North,2
2020-08-29,St. Charles,0,Ft. Zumwalt West,3
2020-08-29,Liberty North,5,Grain Valley,2
2020-08-29,Staley,3,Lee's Summit North,2
2020-08-29,Lebanon,1,Logan-Rogersville,3
2020-08-29,West Plains,0,Logan-Rogersville,2
2020-08-29,Fair Grove,2,Logan-Rogersville,8
2020-08-29,Cristo Rey,2,Lone Jack,5
2020-08-29,Lebanon,4,Marshfield,1
2020-08-29,St. Paul Lutheran (Concordia),4,Missouri Military Academy,3
2020-08-29,Van Horn,3,North Kansas City,1
2020-08-29,Sacred Heart,1,Osage,4
2020-08-29,Jefferson City,3,Ozark,0
2020-08-29,Cristo Rey,2,Pleasant Hill,10
2020-08-29,St. Charles,1,Raytown South,3
2020-08-29,Nixa,0,Rock Bridge,1
2020-08-29,Willard,5,Savannah,4
2020-08-29,Capital City,0,Southern Boone,6
2020-08-29,Fair Grove,0,Webb City,0
2020-08-31,Benton,3,Bishop LeBlond,4
2020-08-31,St. Charles,4,Blue Springs South,0
2020-08-31,Maryville,13,Cameron,0
2020-08-31,Lafayette (St. Joseph),0,Central (St. Joseph),6
2020-08-31,Willard,0,Fatima,8
2020-08-31,Belton,0,Guadalupe Centers Charter,3
2020-08-31,East (Kansas City),1,Harrisonville,1
2020-08-31,Seckman,1,North County,1
2020-08-31,St. Michael the Archangel,3,North Kansas City,0
2020-08-31,Northwest (Cedar Hill),3,Union,0
2020-09-01,Cassville,0,Aurora,8
2020-09-01,Raytown South,0,Blue Springs,3
2020-09-01,Van Horn,4,Blue Springs South,2
2020-09-01,Carthage,2,Branson,1
2020-09-01,Marshfield,0,Camdenton,1
2020-09-01,The Fulton School,5,Canton,7
2020-09-01,Joplin,5,Carl Junction,1
2020-09-01,Kickapoo,1,Cassville,2
2020-09-01,Bishop LeBlond,1,Central (St. Joseph),0
2020-09-01,Cameron,0,Chillicothe,8
2020-09-01,Boonville,0,Clinton,4
2020-09-01,St. Pius X (Festus),5,DeSoto,1
2020-09-01,Liberty North,6,East (Kansas City),1
2020-09-01,St. Dominic,7,Father Tolton,1
2020-09-01,Pacific,2,Fox,3
2020-09-01,Lutheran St. Charles,1,Francis Howell Central,7
2020-09-01,Timberland,1,Francis Howell North,0
2020-09-01,Ft. Zumwalt South,7,Ft. Zumwalt East,0
2020-09-01,Fatima,4,Fulton,6
2020-09-01,Grain Valley,1,Harrisonville,0
2020-09-01,Richland,1,Iberia,7
2020-09-01,Capital City,1,Jefferson City,7
2020-09-01,Cole Camp,4,Knob Noster,1
2020-09-01,Benton,2,Lafayette (St. Joseph),1
2020-09-01,Crocker,1,Lebanon,9
2020-09-01,Staley,0,Liberty,5
2020-09-01,Central (Springfield),0,Logan-Rogersville,2
2020-09-01,Hillsboro,2,Northwest (Cedar Hill),6
2020-09-01,Cristo Rey,4,Oak Grove,5
2020-09-01,Southern Boone,2,Osage,1
2020-09-01,Republic,0,Ozark,1
2020-09-01,Kearney,1,Park Hill,3
2020-09-01,Guadalupe Centers Charter,3,Pleasant Hill,0
2020-09-01,Oak Park,8,Raytown,0
2020-09-01,Raymore-Peculiar,0,Rockhurst,2
2020-09-01,Grandview,0,Ruskin,1
2020-09-01,Helias Catholic,1,Savannah,2
2020-09-01,Belton,1,Smithville,0
2020-09-01,Veritas Christian Academy,0,St. Charles,3
2020-09-01,Francis Howell,7,St. Charles West,0
2020-09-01,Summit Christian Academy,0,St. Paul Lutheran (Concordia),1
2020-09-01,Center,3,St. Pius X (Kansas City),2
2020-09-01,Washington,3,Webb City,0
2020-09-01,St. Paul Lutheran (Concordia),4,Warrensburg,1
2020-09-01,Missouri Military Academy,3,Warrenton,0
2020-09-01,Willard,3,Webb City,2
2020-09-01,Greenwood,2,West Plains,4
2020-09-01,Odessa,1,William Chrisman,6
2020-09-01,Excelsior Springs,4,Winnetonka,3
2020-09-01,Winfield,3,Wright City,2
2020-09-02,Seckman,3,Fox,1
2020-09-02,St. Clair,1,Fredericktown,4
2020-09-02,Republic,0,Glendale,4
2020-09-02,Liberty,2,Lee's Summit North,3
2020-09-02,Excelsior Springs,2,Lincoln College Prep,10
2020-09-02,Pacific,2,North County,2
2020-09-02,Fort Osage,7,Ruskin,1
2020-09-02,Summit Christian Academy,0,St. Paul Lutheran (Concordia),1
2020-09-02,St. Michael the Archangel,6,St. Charles,1
2020-09-02,Wright City,2,Union,3
2020-09-02,Summit Christian Academy,4,Warrensburg,0
2020-09-02,Grandview,1,Winnetonka,0
2020-09-03,Van Horn,2,Blue Springs,0
2020-09-03,Raytown South,4,Blue Springs South,2
2020-09-03,Greenwood,4,Bolivar,1
2020-09-03,Southern Boone,3,Boonville,0
2020-09-03,Springfield Catholic,1,Branson,2
2020-09-03,Winnetonka,8,Cameron,0
2020-09-03,Battle,1,Capital City,4
2020-09-03,Parkview,2,Carl Junction,3
2020-09-03,McDonald County,3,Cassville,1
2020-09-03,Cristo Rey,1,Center,4
2020-09-03,Notre Dame (Cape Girardeau),0,Central (Cape Girardeau),5
2020-09-03,Benton,1,Central (St. Joseph),2
2020-09-03,Camdenton,2,Fatima,1
2020-09-03,Sikeston,6,Fredericktown,0
2020-09-03,Washington,3,Ft. Zumwalt East,5
2020-09-03,Francis Howell Central,3,Ft. Zumwalt North,1
2020-09-03,Francis Howell,0,Ft. Zumwalt South,4
2020-09-03,Veritas Christian Academy,1,Ft. Zumwalt West,4
2020-09-03,East (Kansas City),5,Grain Valley,3
2020-09-03,Clinton,2,Green Ridge,0
2020-09-03,Liberty North,2,Harrisonville,0
2020-09-03,St. Pius X (Festus),3,Hillsboro,2
2020-09-03,Laquey,8,Iberia,0
2020-09-03,Notre Dame (Cape Girardeau),5,Jackson,1
2020-09-03,Smithville,1,Kearney,2
2020-09-03,McDonald County,2,Kickapoo,0
2020-09-03,Hannibal,9,Kirksville,2
2020-09-03,Bishop LeBlond,3,Lafayette (St. Joseph),1
2020-09-03,Lee's Summit West,3,Lee's Summit,1
2020-09-03,Fort Osage,1,Lincoln College Prep,3
2020-09-03,Fulton,0,Mexico,4
2020-09-03,Missouri Military Academy,0,Moberly,2
2020-09-03,Kickapoo,1,Nixa,4
2020-09-03,DeSoto,0,Northwest (Cedar Hill),8
2020-09-03,William Chrisman,0,Oak Park,3
2020-09-03,Knob Noster,1,Odessa,5
2020-09-03,Winfield,0,Orchard Farm,8
2020-09-03,Helias Catholic,0,Ozark,2
2020-09-03,Oak Grove,0,Pembroke Hill,5
2020-09-03,Belton,2,Raytown,0
2020-09-03,Savannah,2,Republic,1
2020-09-03,Willard,8,Richland,0
2020-09-03,Staley,0,Rockhurst,3
2020-09-03,Excelsior Springs,3,Ruskin,2
2020-09-03,Lone Jack,4,Sacred Heart,3
2020-09-03,Webb City,4,St. Clair,2
2020-09-03,St. Dominic,4,St. Francis Borgia,0
2020-09-03,Liberty (Wentzville),4,Timberland,1
2020-09-03,Summit Christian Academy,4,Warrensburg,0
2020-09-03,St. Charles West,8,Warrenton,0
2020-09-03,Monett,2,Webb City,1
2020-09-04,Lutheran St. Charles,1,Duchesne,2
2020-09-04,North County,2,Fox,0
2020-09-04,Poplar Bluff,5,Fredericktown,2
2020-09-04,Central (Cape Girardeau),2,Jackson,8
2020-09-04,St. Francis Borgia,0,Notre Dame (Cape Girardeau),8
2020-09-04,Washington,0,Orchard Farm,2
2020-09-04,Raymore-Peculiar,2,Park Hill South,1
2020-09-04,Pacific,3,Seckman,3
2020-09-05,McDonald County,1,Aurora,0
2020-09-05,Jefferson City,8,Camdenton,0
2020-09-05,St. Francis Borgia,7,Central (Cape Girardeau),0
2020-09-05,Jackson,6,Fredericktown,0
2020-09-05,Francis Howell Central,3,Ft. Zumwalt West,2
2020-09-05,Rock Bridge,1,Liberty (Wentzville),4
2020-09-05,Veritas Christian Academy,0,Lutheran St. Charles,3
2020-09-05,Notre Dame (Cape Girardeau),3,Poplar Bluff,7
2020-09-05,St. Francis Borgia,5,Poplar Bluff,2
2020-09-05,Notre Dame (Cape Girardeau),8,Sikeston,0
2020-09-07,Mexico,0,Battle,3
2020-09-07,Canton,0,Hannibal,3
2020-09-07,Chillicothe,0,Maryville,3
2020-09-07,Carl Junction,2,Monett,5
2020-09-08,Lee's Summit,2,Blue Springs South,1
2020-09-08,Fulton,2,Boonville,1
2020-09-08,Moberly,9,Canton,1
2020-09-08,Fatima,1,Capital City,5
2020-09-08,Branson,8,Carl Junction,0
2020-09-08,Joplin,1,Carthage,2
2020-09-08,Farmington,1,Central (Cape Girardeau),2
2020-09-08,Kearney,3,Excelsior Springs,2
2020-09-08,Seckman,4,Festus,0
2020-09-08,Rolla,0,Fox,0
2020-09-08,Liberty (Wentzville),0,Francis Howell North,1
2020-09-08,Duchesne,0,Francis Howell North,1
2020-09-08,Francis Howell Central,4,Ft. Zumwalt East,1
2020-09-08,Ft. Zumwalt South,7,Ft. Zumwalt North,2
2020-09-08,Liberty (Wentzville),2,Ft. Zumwalt West,1
2020-09-08,William Chrisman,4,Grain Valley,0
2020-09-08,St. Michael the Archangel,0,Guadalupe Centers Charter,1
2020-09-08,St. Dominic,1,Holt,0
2020-09-08,Lone Jack,2,Kearney,3
2020-09-08,Camdenton,1,Kickapoo,6
2020-09-08,Smithton,7,Knob Noster,4
2020-09-08,West Plains,1,Lebanon,0
2020-09-08,Central (St. Joseph),1,Lincoln College Prep,4
2020-09-08,Bolivar,3,Logan-Rogersville,6
2020-09-08,Webb City,0,Lutheran St. Charles,2
2020-09-08,Mexico,0,Marshall,3
2020-09-08,Webb City,2,Nixa,5
2020-09-08,Excelsior Springs,0,North Kansas City,7
2020-09-08,Smithville,2,Oak Grove,1
2020-09-08,St. Charles,2,Oak Park,3
2020-09-08,Green Ridge,0,Odessa,3
2020-09-08,Cole Camp,1,Osage,7
2020-09-08,Fort Osage,1,Pleasant Hill,3
2020-09-08,Park Hill,1,Raymore-Peculiar,0
2020-09-08,Platte County,1,Raytown South,3
2020-09-08,Willard,5,Republic,4
2020-09-08,Willard,2,Rock Bridge,3
2020-09-08,Center,3,Ruskin,2
2020-09-08,Marshfield,1,Springfield Catholic,2
2020-09-08,Orchard Farm,1,St. Charles,2
2020-09-08,Veritas Christian Academy,1,St. Charles West,0
2020-09-08,Cristo Rey,2,Summit Christian Academy,3
2020-09-08,Francis Howell,4,Troy Buchanan,2
2020-09-08,Pembroke Hill,2,Van Horn,3
2020-09-08,Winfield,2,Veritas Christian Academy,7
2020-09-08,Savannah,8,Warrensburg,0
2020-09-09,Savannah,2,Benton,0
2020-09-09,Grain Valley,1,Blue Springs,2
2020-09-09,Green Ridge,0,Clinton,5
2020-09-09,Washington,4,DeSoto,1
2020-09-09,Lone Jack,5,Excelsior Springs,2
2020-09-09,Sacred Heart,2,Father Tolton,1
2020-09-09,Jackson,3,Northwest (Cedar Hill),0
2020-09-09,Liberty,3,Park Hill South,2
2020-09-09,St. Paul Lutheran (Concordia),1,Raytown,2
2020-09-09,Helias Catholic,0,Rock Bridge,5
2020-09-09,Union,4,Rolla,2
2020-09-09,Missouri Military Academy,0,Southern Boone,8
2020-09-09,Hillsboro,2,Timberland,7
2020-09-09,Wright City,2,Warrenton,1
2020-09-10,Chillicothe,0,Bishop LeBlond,5
2020-09-10,Park Hill,1,Blue Springs,0
2020-09-10,Rockhurst,2,Blue Springs South,0
2020-09-10,Camdenton,0,Bolivar,4
2020-09-10,McDonald County,2,Carl Junction,1
2020-09-10,Marshfield,1,Cassville,1
2020-09-10,Savannah,1,Center,2
2020-09-10,Raytown,0,Clinton,1
2020-09-10,Richland,0,Crocker,9
2020-09-10,Pacific,5,DeSoto,3
2020-09-10,Summit Christian Academy,0,East (Kansas City),7
2020-09-10,Lone Jack,3,Excelsior Springs,1
2020-09-10,Fredericktown,1,Farmington,4
2020-09-10,St. Clair,1,Festus,9
2020-09-10,Union,3,Fox,3
2020-09-10,St. Charles,1,Ft. Zumwalt North,0
2020-09-10,Ft. Zumwalt East,0,Ft. Zumwalt South,8
2020-09-10,St. Dominic,3,Ft. Zumwalt West,0
2020-09-10,Missouri Military Academy,1,Fulton,3
2020-09-10,Carthage,3,Glendale,2
2020-09-10,St. Paul Lutheran (Concordia),1,Green Ridge,0
2020-09-10,Branson,8,Greenwood,3
2020-09-10,Liberty (Wentzville),1,Holt,0
2020-09-10,Smithton,5,Iberia,0
2020-09-10,Harrisonville,2,Jefferson City,7
2020-09-10,Logan-Rogersville,1,Lebanon,2
2020-09-10,Northeast (Kansas City),1,Lincoln College Prep,7
2020-09-10,Kirksville,2,Moberly,3
2020-09-10,Kearney,3,North Kansas City,2
2020-09-10,Fort Osage,3,Oak Grove,2
2020-09-10,Warrenton,0,Orchard Farm,8
2020-09-10,Springfield Catholic,3,Ozark,2
2020-09-10,Washington,1,Pacific,2
2020-09-10,Central (St. Joseph),0,Platte County,3
2020-09-10,Smithville,0,Pleasant Hill,1
2020-09-10,Sikeston,4,Poplar Bluff,5
2020-09-10,Grandview,2,Ruskin,0
2020-09-10,Seckman,2,St. Pius X (Festus),0
2020-09-10,Raytown South,0,Staley,1
2020-09-10,North County,4,Webb City,1
2020-09-10,Duchesne,0,Timberland,2
2020-09-10,Francis Howell Central,1,Troy Buchanan,0
2020-09-10,St. Michael the Archangel,2,Van Horn,1
2020-09-10,Waynesville,0,Willard,7
2020-09-10,St. Charles West,6,Winfield,0
2020-09-10,Odessa,7,Winnetonka,1
2020-09-11,Branson,1,Carthage,4
2020-09-11,Rolla,4,DeSoto,2
2020-09-11,Washington,2,Fox,0
2020-09-11,Webb City,0,Glendale,3
2020-09-11,Southern Boone,2,Hannibal,0
2020-09-11,Central (Springfield),1,Joplin,7
2020-09-11,Ozark,4,Joplin,5
2020-09-11,Crocker,0,Kickapoo,8
2020-09-11,Lebanon,3,Parkview,1
2020-09-11,Willard,3,Parkview,2
2020-09-11,Pacific,0,Union,1
2020-09-11,Laquey,1,West Plains,0
2020-09-12,Webb City,1,Carthage,3
2020-09-12,St. Paul Lutheran (Concordia),0,Clinton,3
2020-09-12,Laquey,9,Crocker,1
2020-09-12,Kearney,0,Excelsior Springs,1
2020-09-12,Holt,3,Ft. Zumwalt West,1
2020-09-12,Branson,0,Glendale,4
2020-09-12,Duchesne,2,Hillsboro,1
2020-09-12,Pleasant Hill,1,Kearney,0
2020-09-12,West Plains,2,Kickapoo,0
2020-09-12,Laquey,1,Kickapoo,2
2020-09-12,Park Hill South,0,Lee's Summit West,1
2020-09-12,Fort Osage,2,Lone Jack,5
2020-09-12,Lebanon,1,Monett,5
2020-09-12,Willard,2,Monett,1
2020-09-12,Smithville,1,North Kansas City,3
2020-09-12,Central (Springfield),1,Ozark,3
2020-09-12,Green Ridge,0,Raytown,1
2020-09-12,Lee's Summit,2,Rockhurst,1
2020-09-12,Liberty (Wentzville),0,St. Dominic,2
2020-09-12,Branson,1,Webb City,0
2020-09-12,Crocker,2,West Plains,9
2020-09-12,Lebanon,5,Willard,0
2020-09-14,McDonald County,1,Aurora,2
2020-09-14,Lee's Summit West,3,Blue Springs,0
2020-09-14,Lee's Summit North,1,Blue Springs South,3
2020-09-14,Kickapoo,1,Central (Springfield),0
2020-09-14,Kearney,1,Central (St. Joseph),2
2020-09-14,Crocker,0,Fatima,8
2020-09-14,Capital City,1,Helias Catholic,4
2020-09-14,Southern Boone,2,Jefferson City,1
2020-09-14,Park Hill South,0,Lee's Summit,2
2020-09-14,Park Hill,2,Liberty,1
2020-09-14,Raymore-Peculiar,0,Liberty North,3
2020-09-14,Moberly,3,Mexico,2
2020-09-14,Grain Valley,3,North Kansas City,2
2020-09-14,Pleasant Hill,3,Northeast (Kansas City),3
2020-09-14,Lone Jack,5,Oak Grove,2
2020-09-14,Smithville,2,Odessa,0
2020-09-14,St. Clair,1,Pacific,7
2020-09-14,Bishop LeBlond,1,St. Michael the Archangel,3
2020-09-14,Raytown,0,Staley,3
2020-09-14,Knob Noster,1,Willard,2
2020-09-14,St. Francis Borgia,4,Union,2
2020-09-14,Ft. Zumwalt South,4,Washington,2
2020-09-14,West Plains,1,Waynesville,2
2020-09-14,Cristo Rey,1,Winnetonka,2
2020-09-15,Boonville,2,Battle,3
2020-09-15,Osage,0,Bolivar,1
2020-09-15,Clinton,5,Center,2
2020-09-15,Cassville,0,Fair Grove,1
2020-09-15,St. Francis Borgia,3,Father Tolton,2
2020-09-15,Perryville,8,Festus,0
2020-09-15,Francis Howell,1,Francis Howell Central,0
2020-09-15,Ft. Zumwalt South,4,Francis Howell North,2
2020-09-15,Ft. Zumwalt North,2,Ft. Zumwalt East,1
2020-09-15,Holt,0,Ft. Zumwalt West,2
2020-09-15,Marshall,1,Fulton,5
2020-09-15,Camdenton,0,Glendale,5
2020-09-15,Fort Osage,0,Grandview,1
2020-09-15,DeSoto,0,Hillsboro,5
2020-09-15,Crocker,9,Iberia,5
2020-09-15,Branson,7,Joplin,4
2020-09-15,Mexico,5,Kirksville,3
2020-09-15,Kickapoo,5,Lebanon,0
2020-09-15,Washington,1,Liberty (Wentzville),4
2020-09-15,Guadalupe Centers Charter,6,Lone Jack,1
2020-09-15,St. Paul Lutheran (Concordia),10,Lutheran (Kansas City),4
2020-09-15,Veritas Christian Academy,1,Lutheran St. Charles,2
2020-09-15,West Plains,2,Marshfield,1
2020-09-15,Hannibal,1,Moberly,2
2020-09-15,McDonald County,0,Monett,8
2020-09-15,Ozark,1,Nixa,0
2020-09-15,Farmington,0,North County,1
2020-09-15,William Chrisman,2,Northeast (Kansas City),3
2020-09-15,Van Horn,4,Odessa,1
2020-09-15,Rolla,2,Parkview,0
2020-09-15,Winnetonka,2,Ruskin,3
2020-09-15,Benton,1,Savannah,0
2020-09-15,Northwest (Cedar Hill),1,Seckman,0
2020-09-15,Central (Cape Girardeau),1,Sikeston,0
2020-09-15,Knob Noster,0,Smithton,4
2020-09-15,Logan-Rogersville,1,Springfield Catholic,4
2020-09-15,Wright City,0,St. Charles West,4
2020-09-15,Rock Bridge,1,St. Dominic,3
2020-09-15,Harrisonville,5,St. Pius X (Kansas City),1
2020-09-15,Troy Buchanan,2,Timberland,3
2020-09-15,Staley,2,St. Charles,1
2020-09-15,Excelsior Springs,7,Warrensburg,0
2020-09-15,St. Charles,8,Warrenton,0
2020-09-15,Union,3,Waynesville,2
2020-09-15,Carl Junction,0,Webb City,4
2020-09-15,Carthage,4,Willard,0
2020-09-15,St. Pius X (Festus),3,Windsor (Imperial),1
2020-09-16,Savannah,8,Cameron,0
2020-09-16,Grandview,1,Center,2
2020-09-16,Parkview,8,Fair Grove,2
2020-09-16,North County,4,Fredericktown,1
2020-09-16,Oak Park,5,Grain Valley,1
2020-09-16,Lutheran St. Charles,0,Jackson,1
2020-09-16,Liberty,2,Lee's Summit North,3
2020-09-16,Blue Springs South,0,Lee's Summit West,5
2020-09-16,Guadalupe Centers Charter,9,Oak Grove,1
2020-09-16,Liberty North,0,Park Hill,2
2020-09-16,Blue Springs,2,Raymore-Peculiar,1
2020-09-16,East (Kansas City),0,Raytown South,4
2020-09-16,Jefferson City,3,Rolla,0
2020-09-16,Festus,1,St. Pius X (Festus),2
2020-09-16,Park Hill South,0,Staley,1
2020-09-16,Smithville,0,Van Horn,2
2020-09-16,Winfield,1,Warrenton,2
2020-09-16,Pleasant Hill,1,William Chrisman,6
2020-09-17,West Plains,1,Branson,4
2020-09-17,Waynesville,4,Camdenton,1
2020-09-17,Cameron,0,Excelsior Springs,13
2020-09-17,Ruskin,2,Fort Osage,4
2020-09-17,Windsor (Imperial),1,Fox,0
2020-09-17,St. Dominic,2,Francis Howell,0
2020-09-17,Ft. Zumwalt East,1,Francis Howell North,0
2020-09-17,St. Clair,1,Fredericktown,4
2020-09-17,Liberty (Wentzville),0,Ft. Zumwalt South,2
2020-09-17,Timberland,2,Ft. Zumwalt West,1
2020-09-17,Knob Noster,0,Harrisonville,10
2020-09-17,Francis Howell Central,3,Holt,1
2020-09-17,Monett,3,Joplin,0
2020-09-17,Ozark,2,Kickapoo,1
2020-09-17,Mexico,1,Kirksville,2
2020-09-17,Bolivar,3,Laquey,0
2020-09-17,Lee's Summit,2,Lee's Summit North,0
2020-09-17,Boonville,0,Marshall,8
2020-09-17,Cassville,0,Marshfield,2
2020-09-17,Canton,0,Missouri Military Academy,4
2020-09-17,Hannibal,2,Moberly,1
2020-09-17,Guadalupe Centers Charter,8,Northeast (Kansas City),0
2020-09-17,Farmington,0,Notre Dame (Cape Girardeau),5
2020-09-17,Lutheran St. Charles,3,Pacific,1
2020-09-17,Blue Springs South,2,Park Hill,1
2020-09-17,Hillsboro,0,Perryville,5
2020-09-17,Kearney,1,Platte County,3
2020-09-17,Central (Cape Girardeau),2,Poplar Bluff,0
2020-09-17,Van Horn,5,Raytown South,1
2020-09-17,Parkview,1,Republic,2
2020-09-17,DeSoto,0,Seckman,8
2020-09-17,Center,0,Savannah,8
2020-09-17,St. Charles West,0,St. Charles,3
2020-09-17,Sacred Heart,2,St. Paul Lutheran (Concordia),1
2020-09-17,North Kansas City,5,St. Pius X (Kansas City),0
2020-09-17,Green Ridge,1,Willard,2
2020-09-17,Union,1,Webb City,0
2020-09-17,Northwest (Cedar Hill),6,Veritas Christian Academy,0
2020-09-17,Winfield,1,Warrenton,2
2020-09-17,Ft. Zumwalt North,1,Washington,2
2020-09-17,Logan-Rogersville,0,Webb City,1
2020-09-17,East (Kansas City),4,William Chrisman,0
2020-09-17,Orchard Farm,5,Wright City,1
2020-09-18,Warrensburg,1,Boonville,1
2020-09-18,Fatima,4,Fulton,5
2020-09-18,Duchesne,0,Holt,5
2020-09-18,Webb City,1,Lebanon,3
2020-09-18,Father Tolton,0,Marshall,2
2020-09-18,Capital City,4,Poplar Bluff,3
2020-09-18,Rolla,2,Poplar Bluff,2
2020-09-18,Capital City,1,Republic,2
2020-09-18,Cole Camp,4,Richland,0
2020-09-18,Republic,1,Rolla,0
2020-09-18,Battle,1,Southern Boone,6
2020-09-19,Fulton,5,Boonville,0
2020-09-19,Kickapoo,2,Branson,1
2020-09-19,Father Tolton,2,Fatima,0
2020-09-19,Rock Bridge,0,Francis Howell,3
2020-09-19,Sacred Heart,1,Greenwood,2
2020-09-19,Hannibal,4,Kirksville,2
2020-09-19,Moberly,1,Kirksville,0
2020-09-19,Smithville,1,Lone Jack,1
2020-09-19,Hannibal,1,Mexico,4
2020-09-19,Moberly,2,Mexico,2
2020-09-19,Republic,4,Poplar Bluff,1
2020-09-19,Capital City,4,Rolla,1
2020-09-19,Marshall,0,Southern Boone,3
2020-09-19,Guadalupe Centers Charter,2,Van Horn,1
2020-09-19,Battle,6,Warrensburg,0
2020-09-21,Logan-Rogersville,8,Aurora,0
2020-09-21,Grandview,0,Belton,4
2020-09-21,Pembroke Hill,2,Blue Springs,3
2020-09-21,Raytown,3,Central (St. Joseph),4
2020-09-21,Washington,3,Fox,2
2020-09-21,Hillsboro,2,Fredericktown,0
2020-09-21,Francis Howell Central,4,Ft. Zumwalt West,2
2020-09-21,Cole Camp,3,Iberia,1
2020-09-21,Excelsior Springs,5,Knob Noster,1
2020-09-21,Richland,0,Lebanon,8
2020-09-21,Lee's Summit West,5,Lee's Summit North,0
2020-09-21,Liberty North,1,Liberty,2
2020-09-21,Savannah,6,Marshall,0
2020-09-21,Savannah,4,Maryville,2
2020-09-21,Fatima,3,Missouri Military Academy,4
2020-09-21,Marshfield,0,Monett,5
2020-09-21,North Kansas City,1,Oak Park,4
2020-09-21,St. Pius X (Festus),1,Perryville,8
2020-09-21,Raytown South,2,Platte County,5
2020-09-21,Blue Springs South,2,Raymore-Peculiar,3
2020-09-21,St. Michael the Archangel,4,St. Pius X (Kansas City),0
2020-09-21,Jefferson City,4,Willard,0
2020-09-22,Grain Valley,3,Belton,2
2020-09-22,Savannah,0,Bishop LeBlond,5
2020-09-22,Nixa,4,Branson,2
2020-09-22,Webb City,3,Camdenton,2
2020-09-22,Republic,1,Carthage,2
2020-09-22,St. Charles,4,Duchesne,0
2020-09-22,Van Horn,2,East (Kansas City),1
2020-09-22,Northwest (Cedar Hill),1,Farmington,0
2020-09-22,Holt,0,Francis Howell,6
2020-09-22,Timberland,2,Francis Howell Central,3
2020-09-22,Ft. Zumwalt North,0,Ft. Zumwalt South,5
2020-09-22,Kearney,3,Grandview,0
2020-09-22,Sacred Heart,2,Green Ridge,0
2020-09-22,Fair Grove,1,Greenwood,4
2020-09-22,Mexico,4,Hannibal,3
2020-09-22,Staley,3,Harrisonville,0
2020-09-22,Fulton,2,Kirksville,3
2020-09-22,Ft. Zumwalt East,0,Liberty (Wentzville),1
2020-09-22,Oakville,0,Lindbergh,3
2020-09-22,Lutheran (Kansas City),2,Lone Jack,10
2020-09-22,Orchard Farm,2,Lutheran St. Charles,0
2020-09-22,Capital City,6,Moberly,1
2020-09-22,Lincoln College Prep,3,Northeast (Kansas City),2
2020-09-22,Center,5,Oak Grove,4
2020-09-22,Jefferson City,4,Osage,0
2020-09-22,Carl Junction,1,Ozark,5
2020-09-22,Smithville,0,Park Hill,1
2020-09-22,Winnetonka,1,Raytown South,8
2020-09-22,Oak Park,8,Ruskin,2
2020-09-22,Perryville,5,Seckman,0
2020-09-22,Cole Camp,0,Smithton,1
2020-09-22,McDonald County,0,Springfield Catholic,7
2020-09-22,St. Francis Borgia,0,St. Dominic,8
2020-09-22,Knob Noster,0,St. Paul Lutheran (Concordia),7
2020-09-22,Excelsior Springs,0,St. Charles,5
2020-09-22,Troy Buchanan,8,Veritas Christian Academy,0
2020-09-22,Lebanon,2,Waynesville,1
2020-09-22,Joplin,2,Willard,3
2020-09-22,St. Clair,0,Windsor (Imperial),4
2020-09-23,Iberia,4,Crocker,5
2020-09-23,Winfield,0,Festus,5
2020-09-23,Fredericktown,0,Fox,2
2020-09-23,William Chrisman,2,Grandview,1
2020-09-23,Park Hill,5,Harrisonville,1
2020-09-23,Battle,0,Helias Catholic,7
2020-09-23,Washington,4,Hillsboro,1
2020-09-23,North Kansas City,1,Lee's Summit,4
2020-09-23,Liberty,2,Lee's Summit West,1
2020-09-23,Blue Springs,1,Liberty North,0
2020-09-23,St. Dominic,5,Northwest (Cedar Hill),0
2020-09-23,Central (St. Joseph),0,Park Hill South,3
2020-09-23,Lincoln College Prep,2,Pembroke Hill,6
2020-09-23,Lee's Summit North,2,Raymore-Peculiar,3
2020-09-23,Staley,0,Smithville,0
2020-09-23,Wright City,2,St. Clair,6
2020-09-23,Southern Boone,3,St. Francis Borgia,1
2020-09-23,Savannah,1,St. Michael the Archangel,0
2020-09-23,North County,2,Union,3
2020-09-24,St. Pius X (Kansas City),0,Bishop LeBlond,2
2020-09-24,Fatima,3,Boonville,2
2020-09-24,Branson,4,Camdenton,0
2020-09-24,Winfield,1,Canton,1
2020-09-24,Carl Junction,2,Cassville,0
2020-09-24,William Chrisman,1,Central (St. Joseph),2
2020-09-24,Savannah,2,Chillicothe,0
2020-09-24,Cole Camp,7,Dixon,5
2020-09-24,Francis Howell North,0,Francis Howell,6
2020-09-24,Liberty (Wentzville),3,Ft. Zumwalt North,2
2020-09-24,Hannibal,3,Fulton,2
2020-09-24,Raytown South,4,Grain Valley,1
2020-09-24,Smithville,0,Harrisonville,0
2020-09-24,Ft. Zumwalt East,0,Holt,2
2020-09-24,Center,7,Knob Noster,0
2020-09-24,Willard,6,Laquey,0
2020-09-24,Osage,4,Lebanon,2
2020-09-24,Rockhurst,6,Lincoln College Prep,0
2020-09-24,Kirksville,1,Marshall,2
2020-09-24,Carthage,8,McDonald County,0
2020-09-24,Rock Bridge,6,Mexico,1
2020-09-24,Father Tolton,4,Missouri Military Academy,2
2020-09-24,Springfield Catholic,0,Monett,1
2020-09-24,Fort Osage,1,Oak Park,7
2020-09-24,Duchesne,1,Orchard Farm,3
2020-09-24,Staley,0,Park Hill,1
2020-09-24,Ozark,8,Parkview,0
2020-09-24,Northwest (Cedar Hill),3,Perryville,2
2020-09-24,Ruskin,0,Platte County,7
2020-09-24,Webb City,1,Republic,4
2020-09-24,Fair Grove,10,Richland,2
2020-09-24,St. Pius X (Festus),1,Seckman,3
2020-09-24,Poplar Bluff,3,Sikeston,2
2020-09-24,Veritas Christian Academy,4,St. Charles,3
2020-09-24,St. Clair,0,St. Francis Borgia,8
2020-09-24,Summit Christian Academy,2,St. Michael the Archangel,8
2020-09-24,Sacred Heart,5,Willard,0
2020-09-24,Ft. Zumwalt West,1,Timberland,0
2020-09-24,St. Charles West,1,Troy Buchanan,4
2020-09-24,St. Charles,0,Van Horn,2
2020-09-24,Bolivar,4,Warrensburg,1
2020-09-24,Nixa,3,Waynesville,0
2020-09-24,Glendale,4,West Plains,0
2020-09-24,Kearney,4,Winnetonka,1
2020-09-25,Logan-Rogersville,8,Camdenton,0
2020-09-25,North County,2,Carthage,3
2020-09-25,Laquey,9,Crocker,1
2020-09-25,Orchard Farm,3,Ft. Zumwalt North,0
2020-09-25,Fatima,4,Fulton,5
2020-09-25,Battle,0,Jefferson City,5
2020-09-25,Lutheran St. Charles,2,Joplin,3
2020-09-25,Lutheran North,2,Joplin,3
2020-09-25,Bolivar,2,Monett,3
2020-09-25,Iberia,7,Richland,0
2020-09-25,Helias Catholic,0,Savannah,2
2020-09-25,Capital City,3,Smithton,1
2020-09-26,Warrensburg,1,Camdenton,2
2020-09-26,Savannah,1,Carthage,2
2020-09-26,Helias Catholic,5,Carthage,7
2020-09-26,Greenwood,3,Cassville,0
2020-09-26,Fair Grove,1,Cassville,0
2020-09-26,Greenwood,2,Fair Grove,0
2020-09-26,Father Tolton,2,Fatima,0
2020-09-26,Canton,0,Festus,5
2020-09-26,St. Pius X (Festus),0,Fox,2
2020-09-26,Lafayette (Wildwood),0,Ft. Zumwalt South,4
2020-09-26,Seckman,2,Hillsboro,1
2020-09-26,Lutheran St. Charles,0,Jefferson City,4
2020-09-26,Joplin,0,Jefferson City,4
2020-09-26,Battle,3,Joplin,1
2020-09-26,Branson,3,Logan-Rogersville,2
2020-09-26,Bolivar,1,Logan-Rogersville,2
2020-09-26,Battle,0,Lutheran St. Charles,2
2020-09-26,Hannibal,1,Marshall,0
2020-09-26,Warrensburg,1,Monett,3
2020-09-26,Bolivar,2,Monett,3
2020-09-26,Branson,3,Monett,4
2020-09-26,Savannah,3,North County,0
2020-09-26,Helias Catholic,3,North County,2
2020-09-26,Washington,0,Perryville,1
2020-09-26,Father Tolton,2,St. Paul Lutheran (Concordia),4
2020-09-28,Liberty North,2,Blue Springs,0
2020-09-28,Liberty,2,Blue Springs,0
2020-09-28,Liberty North,0,Blue Springs South,3
2020-09-28,Laquey,1,Camdenton,2
2020-09-28,Dixon,4,Fair Grove,3
2020-09-28,Lutheran St. Charles,2,Farmington,1
2020-09-28,Sikeston,1,Fredericktown,6
2020-09-28,Parkway West,3,Ft. Zumwalt East,2
2020-09-28,Raytown South,6,Grandview,1
2020-09-28,Seckman,0,Jackson,4
2020-09-28,Chillicothe,3,Knob Noster,0
2020-09-28,Central (St. Joseph),0,Lee's Summit,8
2020-09-28,Park Hill,0,Lee's Summit North,2
2020-09-28,Raymore-Peculiar,0,Lee's Summit West,5
2020-09-28,Francis Howell North,1,Liberty (Wentzville),2
2020-09-28,Fatima,2,Mexico,4
2020-09-28,McDonald County,0,Monett,8
2020-09-28,Oak Park,1,Park Hill South,4
2020-09-28,Waynesville,1,Parkview,2
2020-09-28,Ruskin,1,Smithville,6
2020-09-28,Battle,2,Southern Boone,4
2020-09-28,Ft. Zumwalt West,9,St. Francis Borgia,1
2020-09-28,North Kansas City,0,Staley,3
2020-09-28,Duchesne,2,Veritas Christian Academy,3
2020-09-28,Oak Grove,2,William Chrisman,3
2020-09-28,Capital City,4,Wright City,1
2020-09-29,Lutheran St. Charles,0,Affton,1
2020-09-29,Lebanon,0,Bolivar,4
2020-09-29,Helias Catholic,5,Camdenton,0
2020-09-29,Staley,2,Central (St. Joseph),0
2020-09-29,Kirksville,0,Chillicothe,5
2020-09-29,Harrisonville,6,Clinton,0
2020-09-29,Vianney,1,De Smet Jesuit,3
2020-09-29,St. Francis Borgia,0,Eureka,5
2020-09-29,Oak Grove,1,Excelsior Springs,0
2020-09-29,Windsor (Imperial),2,Festus,1
2020-09-29,St. Charles,3,Fort Osage,2
2020-09-29,Oakville,2,Fox,0
2020-09-29,Timberland,0,Francis Howell,5
2020-09-29,Chaminade College Prep,4,Francis Howell Central,2
2020-09-29,Francis Howell North,2,Ft. Zumwalt North,1
2020-09-29,Christian Brothers College,0,Ft. Zumwalt South,4
2020-09-29,Moberly,2,Fulton,3
2020-09-29,Platte County,2,Grandview,0
2020-09-29,Pacific,3,Hillsboro,2
2020-09-29,Troy Buchanan,0,Holt,3
2020-09-29,Republic,4,Joplin,1
2020-09-29,Dixon,0,Laquey,3
2020-09-29,Cassville,0,Logan-Rogersville,4
2020-09-29,Priory,8,Lutheran North,0
2020-09-29,MICDS,2,Lutheran South,1
2020-09-29,Greenwood,1,Marshfield,0
2020-09-29,Carl Junction,0,Nixa,7
2020-09-29,North County,1,Northwest (Cedar Hill),6
2020-09-29,Ft. Zumwalt East,1,Orchard Farm,0
2020-09-29,Fatima,1,Osage,7
2020-09-29,Parkway West,0,Parkway Central,2
2020-09-29,DeSoto,1,Perryville,9
2020-09-29,Northeast (Kansas City),4,Raytown,1
2020-09-29,Marshall,1,Rock Bridge,5
2020-09-29,Van Horn,0,Rockhurst,1
2020-09-29,Lafayette (Wildwood),1,Rockwood Summit,2
2020-09-29,Lutheran (Kansas City),0,Sacred Heart,5
2020-09-29,Jefferson City,3,Savannah,0
2020-09-29,Winnetonka,0,Smithville,4
2020-09-29,Mexico,0,Southern Boone,3
2020-09-29,Winfield,0,St. Charles,3
2020-09-29,Warrenton,0,St. Charles West,7
2020-09-29,Union,8,St. Clair,0
2020-09-29,Notre Dame (Cape Girardeau),8,St. Pius X (Festus),0
2020-09-29,Kearney,0,Staley,3
2020-09-29,Iberia,6,Willard,1
2020-09-29,Wright City,5,Webb City,2
2020-09-29,Pleasant Hill,6,Warrensburg,1
2020-09-29,Ozark,2,Webb City,0
2020-09-29,Clayton,2,Webster Groves,1
2020-09-29,Fair Grove,1,West Plains,5
2020-09-29,Principia,0,Westminster Christian Academy,5
2020-09-29,Mehlville,3,Whitfield,2
2020-09-29,Branson,4,Willard,5
2020-09-30,Blue Springs,0,Blue Springs South,4
2020-09-30,Staley,2,Central (St. Joseph),0
2020-09-30,Priory,3,Chaminade College Prep,1
2020-09-30,Sikeston,0,Jackson,4
2020-09-30,Clayton,0,Kirkwood,4
2020-09-30,Raymore-Peculiar,0,Liberty,4
2020-09-30,Lee's Summit North,1,Liberty North,0
2020-09-30,Park Hill South,5,North Kansas City,1
2020-09-30,Lee's Summit,8,Oak Park,0
2020-09-30,Lee's Summit West,3,Park Hill,0
2020-09-30,Ruskin,0,Raytown South,8
2020-09-30,Guadalupe Centers Charter,7,St. Paul Lutheran (Concordia),0
2020-09-30,Cameron,0,St. Pius X (Kansas City),11
2020-09-30,Webster Groves,8,Trinity Catholic,0
2020-09-30,Ft. Zumwalt West,4,Troy Buchanan,0
2020-09-30,Glendale,5,Waynesville,0
2020-09-30,St. Dominic,6,Westminster Christian Academy,1
2020-10-01,Parkview,1,Branson,4
2020-10-01,Northeast (Kansas City),2,Center,3
2020-10-01,Parkway South,1,Chaminade College Prep,4
2020-10-01,St. Clair,2,DeSoto,6
2020-10-01,Crocker,0,Dixon,8
2020-10-01,Smithville,3,Excelsior Springs,1
2020-10-01,William Chrisman,2,Fort Osage,3
2020-10-01,Nixa,1,Glendale,2
2020-10-01,Cole Camp,1,Green Ridge,0
2020-10-01,Lincoln College Prep,2,Harrisonville,3
2020-10-01,Mexico,1,Helias Catholic,6
2020-10-01,Seckman,2,Hillsboro,1
2020-10-01,Laquey,8,Iberia,0
2020-10-01,Lutheran South,0,John Burroughs,2
2020-10-01,Springfield Catholic,0,Kickapoo,1
2020-10-01,Nixa,0,Kickapoo,2
2020-10-01,Christian Brothers College,0,Ladue Horton Watkins,1
2020-10-01,MICDS,1,Lafayette (Wildwood),2
2020-10-01,Central (Springfield),1,Lebanon,0
2020-10-01,Francis Howell Central,3,Liberty (Wentzville),2
2020-10-01,Oakville,0,Lindbergh,2
2020-10-01,Summit Christian Academy,8,Lutheran (Kansas City),1
2020-10-01,Eureka,1,Marquette,2
2020-10-01,Aurora,1,Marshfield,4
2020-10-01,Windsor (Imperial),0,Mehlville,7
2020-10-01,Central (Cape Girardeau),1,North County,2
2020-10-01,Kearney,0,Oak Park,3
2020-10-01,Boonville,0,Osage,7
2020-10-01,Clayton,1,Parkway North,2
2020-10-01,St. Pius X (Festus),1,Perryville,4
2020-10-01,Knob Noster,0,Pleasant Hill,12
2020-10-01,Jackson,5,Poplar Bluff,0
2020-10-01,Monett,1,Republic,2
2020-10-01,Francis Howell North,2,St. Charles,1
2020-10-01,Winfield,1,St. Charles West,4
2020-10-01,Father Tolton,0,St. Francis Borgia,1
2020-10-01,Chillicothe,3,St. Paul Lutheran (Concordia),1
2020-10-01,Festus,8,St. Paul Lutheran (Farmington),1
2020-10-01,Savannah,2,St. Pius X (Kansas City),3
2020-10-01,Holt,0,Timberland,2
2020-10-01,Lutheran North,1,Trinity Catholic,0
2020-10-01,Raytown,0,St. Charles,7
2020-10-01,Pacific,0,Union,1
2020-10-01,Orchard Farm,8,Warrenton,0
2020-10-01,Northwest (Cedar Hill),2,Washington,1
2020-10-01,Platte County,3,Winnetonka,1
2020-10-02,East (Kansas City),2,Belton,0
2020-10-02,Webb City,4,Bolivar,0
2020-10-02,Central (Springfield),0,Carthage,4
2020-10-02,Whitfield,1,Chaminade College Prep,5
2020-10-02,Springfield Catholic,1,Glendale,2
2020-10-02,Kickapoo,2,Glendale,1
2020-10-02,West Plains,3,Greenwood,4
2020-10-02,Kearney,1,Harrisonville,4
2020-10-02,Logan-Rogersville,2,Kickapoo,1
2020-10-02,Vianney,3,Lafayette (Wildwood),1
2020-10-02,Oak Park,7,Lincoln College Prep,1
2020-10-02,Trinity Catholic,0,Lutheran St. Charles,7
2020-10-02,Parkway Central,1,Marquette,2
2020-10-02,Willard,5,Marshfield,0
2020-10-02,Mexico,1,Missouri Military Academy,2
2020-10-02,Springfield Catholic,1,Nixa,2
2020-10-02,Windsor (Imperial),0,Northwest (Cedar Hill),4
2020-10-02,Webb City,0,Osage,3
2020-10-02,John Burroughs,6,Principia,0
2020-10-02,Kirkwood,1,Rockwood Summit,0
2020-10-02,Van Horn,4,William Chrisman,0
2020-10-03,Waynesville,2,Battle,1
2020-10-03,Carl Junction,2,Camdenton,2
2020-10-03,Union,4,Camdenton,0
2020-10-03,Union,5,Carl Junction,0
2020-10-03,Lindbergh,3,Christian Brothers College,1
2020-10-03,Marshfield,0,Clinton,2
2020-10-03,Iberia,4,Crocker,7
2020-10-03,Laquey,0,Dixon,2
2020-10-03,Troy Buchanan,2,Ft. Zumwalt East,3
2020-10-03,Chaminade College Prep,1,Ft. Zumwalt South,2
2020-10-03,Francis Howell,1,Ft. Zumwalt West,2
2020-10-03,Kickapoo,2,Glendale,1
2020-10-03,Nixa,1,Glendale,2
2020-10-03,Oak Park,5,Harrisonville,0
2020-10-03,Sikeston,1,Hillsboro,4
2020-10-03,MICDS,3,John Burroughs,4
2020-10-03,Springfield Catholic,0,Kickapoo,1
2020-10-03,Bolivar,2,Kickapoo,3
2020-10-03,Maryville,6,Lafayette (St. Joseph),1
2020-10-03,Kearney,3,Lincoln College Prep,1
2020-10-03,Webb City,1,Logan-Rogersville,2
2020-10-03,Bolivar,1,Marshfield,2
2020-10-03,SLUH,3,Mehlville,1
2020-10-03,Webb City,1,Moberly,2
2020-10-03,Osage,3,Moberly,0
2020-10-03,Springfield Catholic,0,Nixa,2
2020-10-03,Trinity Catholic,0,Priory,8
2020-10-03,Father Tolton,0,St. Dominic,7
2020-10-03,De Smet Jesuit,1,Vianney,0
2020-10-03,Willard,4,Webb City,0
2020-10-05,Liberty,4,Blue Springs South,3
2020-10-05,Fatima,3,Dixon,6
2020-10-05,Lebanon,6,Fair Grove,0
2020-10-05,Smithville,2,Grandview,1
2020-10-05,Sacred Heart,2,Green Ridge,0
2020-10-05,Raymore-Peculiar,0,Guadalupe Centers Charter,1
2020-10-05,Republic,5,Helias Catholic,3
2020-10-05,North County,1,Jackson,3
2020-10-05,Savannah,2,Lafayette (St. Joseph),1
2020-10-05,Blue Springs,0,Lee's Summit North,2
2020-10-05,Liberty North,1,Lee's Summit West,4
2020-10-05,St. Paul Lutheran (Farmington),2,Lutheran North,5
2020-10-05,Principia,1,Lutheran St. Charles,2
2020-10-05,Willard,6,Monett,3
2020-10-05,Park Hill,3,North Kansas City,1
2020-10-05,St. Clair,1,Pacific,8
2020-10-05,Platte County,2,Park Hill South,4
2020-10-05,Marquette,3,Parkway South,4
2020-10-05,Lafayette (Wildwood),2,Parkway West,1
2020-10-05,Waynesville,6,Rolla,3
2020-10-05,Canton,0,Southern Boone,8
2020-10-05,Lee's Summit,7,Staley,0
2020-10-05,St. Francis Borgia,1,Timberland,9
2020-10-05,Veritas Christian Academy,6,Warrenton,0
2020-10-05,Kickapoo,4,West Plains,0
2020-10-05,Affton,3,Windsor (Imperial),2
2020-10-05,Fulton,1,Winfield,0
2020-10-06,Fort Osage,0,Belton,2
2020-10-06,Marshfield,0,Bolivar,2
2020-10-06,Missouri Military Academy,4,Canton,2
2020-10-06,Carthage,5,Carl Junction,0
2020-10-06,De Smet Jesuit,0,Chaminade College Prep,1
2020-10-06,Parkway Central,1,Clayton,3
2020-10-06,Odessa,1,Clinton,4
2020-10-06,Fair Grove,4,Crocker,3
2020-10-06,Festus,2,DeSoto,1
2020-10-06,Lincoln College Prep,2,East (Kansas City),1
2020-10-06,Lindbergh,2,Eureka,0
2020-10-06,Center,1,Excelsior Springs,0
2020-10-06,Hillsboro,2,Farmington,4
2020-10-06,Helias Catholic,3,Father Tolton,0
2020-10-06,Francis Howell Central,2,Francis Howell,0
2020-10-06,Ft. Zumwalt East,3,Ft. Zumwalt North,0
2020-10-06,Francis Howell North,0,Ft. Zumwalt South,4
2020-10-06,Winnetonka,2,Grandview,1
2020-10-06,Willard,0,Green Ridge,0
2020-10-06,Kirksville,1,Hannibal,6
2020-10-06,Warrensburg,0,Harrisonville,8
2020-10-06,Ft. Zumwalt West,4,Holt,1
2020-10-06,Rock Bridge,0,Jefferson City,2
2020-10-06,Ruskin,1,Kearney,2
2020-10-06,Laquey,2,Lebanon,7
2020-10-06,Monett,0,Logan-Rogersville,1
2020-10-06,St. Paul Lutheran (Concordia),3,Lone Jack,5
2020-10-06,Windsor (Imperial),0,Lutheran South,4
2020-10-06,Benton,0,Maryville,6
2020-10-06,Cassville,0,McDonald County,1
2020-10-06,Vianney,2,Mehlville,1
2020-10-06,Osage,1,Mexico,0
2020-10-06,Westminster Christian Academy,1,MICDS,0
2020-10-06,Battle,1,Moberly,2
2020-10-06,Joplin,2,Nixa,3
2020-10-06,Poplar Bluff,0,Notre Dame (Cape Girardeau),8
2020-10-06,Pleasant Hill,3,Oak Grove,2
2020-10-06,Parkway West,0,Oakville,1
2020-10-06,St. Charles West,0,Orchard Farm,4
2020-10-06,Branson,3,Ozark,0
2020-10-06,West Plains,1,Parkview,0
2020-10-06,Northwest (Cedar Hill),3,Parkway South,4
2020-10-06,Pembroke Hill,1,Rockhurst,0
2020-10-06,Ladue Horton Watkins,0,Rockwood Summit,1
2020-10-06,Waynesville,6,Rolla,3
2020-10-06,Fox,1,Seckman,3
2020-10-06,Webster Groves,0,SLUH,3
2020-10-06,Raytown South,3,Smithville,0
2020-10-06,Aurora,1,Springfield Catholic,6
2020-10-06,Warrenton,1,St. Charles,7
2020-10-06,Christian Brothers College,0,St. Dominic,3
2020-10-06,Whitfield,9,St. Pius X (Festus),1
2020-10-06,Pacific,3,Webb City,1
2020-10-06,Van Horn,8,Summit Christian Academy,0
2020-10-06,Timberland,1,Troy Buchanan,0
2020-10-06,St. Clair,0,Union,4
2020-10-06,Liberty (Wentzville),8,Washington,0
2020-10-06,Republic,1,Webb City,0
2020-10-06,Kirkwood,1,Webster Groves,2
2020-10-06,St. Charles,0,William Chrisman,2
2020-10-06,Winfield,1,Wright City,2
2020-10-07,Parkway North,5,Affton,2
2020-10-07,Grandview,0,Belton,3
2020-10-07,Oak Park,5,Central (St. Joseph),1
2020-10-07,Westminster Christian Academy,4,Clayton,2
2020-10-07,Smithton,1,Cole Camp,2
2020-10-07,Kickapoo,5,Glendale,4
2020-10-07,Dixon,3,Iberia,2
2020-10-07,Priory,1,John Burroughs,2
2020-10-07,Cameron,0,Lafayette (St. Joseph),8
2020-10-07,Eureka,3,Lafayette (Wildwood),0
2020-10-07,Blue Springs South,3,Lee's Summit North,6
2020-10-07,Blue Springs,1,Lee's Summit West,3
2020-10-07,Lutheran South,8,Lutheran North,0
2020-10-07,Fulton,2,Marshall,3
2020-10-07,Platte County,2,North Kansas City,3
2020-10-07,Fox,0,Northwest (Cedar Hill),4
2020-10-07,Park Hill South,2,Park Hill,1
2020-10-07,Liberty North,0,Raymore-Peculiar,3
2020-10-07,Sacred Heart,5,Willard,0
2020-10-07,Washington,2,Union,1
2020-10-08,St. Charles,1,Belton,2
2020-10-08,Oak Park,1,Blue Springs,4
2020-10-08,Van Horn,1,Blue Springs South,2
2020-10-08,Lebanon,1,Camdenton,0
2020-10-08,Aurora,2,Cassville,1
2020-10-08,Lone Jack,4,Center,3
2020-10-08,Branson,6,Central (Springfield),2
2020-10-08,St. Pius X (Kansas City),0,Chillicothe,5
2020-10-08,Orchard Farm,2,Farmington,0
2020-10-08,Webster Groves,3,Fox,2
2020-10-08,Troy Buchanan,0,Francis Howell Central,3
2020-10-08,St. Charles West,0,Francis Howell North,4
2020-10-08,Francis Howell,3,Ft. Zumwalt South,2
2020-10-08,Fort Osage,1,Grain Valley,3
2020-10-08,East (Kansas City),1,Guadalupe Centers Charter,3
2020-10-08,Excelsior Springs,0,Harrisonville,8
2020-10-08,Moberly,0,Kirksville,2
2020-10-08,Marquette,1,Kirkwood,2
2020-10-08,Warrensburg,4,Knob Noster,0
2020-10-08,Lindbergh,3,Ladue Horton Watkins,1
2020-10-08,Benton,1,Lafayette (St. Joseph),0
2020-10-08,Holt,0,Liberty (Wentzville),1
2020-10-08,Fair Grove,1,Marshfield,2
2020-10-08,Pembroke Hill,8,Maryville,1
2020-10-08,Oakville,0,Mehlville,3
2020-10-08,Marshall,2,Mexico,4
2020-10-08,Helias Catholic,7,Missouri Military Academy,1
2020-10-08,Springfield Catholic,0,Nixa,3
2020-10-08,Sikeston,3,North County,6
2020-10-08,St. Paul Lutheran (Concordia),0,Northeast (Kansas City),1
2020-10-08,Fredericktown,0,Notre Dame (Cape Girardeau),8
2020-10-08,Boonville,0,Oak Grove,4
2020-10-08,Summit Christian Academy,2,Odessa,1
2020-10-08,Clinton,3,Osage,1
2020-10-08,Rock Bridge,0,Ozark,3
2020-10-08,Northwest (Cedar Hill),0,Parkway Central,2
2020-10-08,Parkway West,1,Parkway South,5
2020-10-08,Parkway North,2,Pattonville,1
2020-10-08,Perryville,3,Poplar Bluff,0
2020-10-08,Lutheran North,0,Principia,4
2020-10-08,William Chrisman,6,Raytown,0
2020-10-08,St. Michael the Archangel,0,Rockhurst,5
2020-10-08,West Plains,1,Rolla,2
2020-10-08,Vianney,2,SLUH,3
2020-10-08,Kearney,1,Smithville,0
2020-10-08,Trinity Catholic,0,St. Dominic,8
2020-10-08,Hillsboro,3,St. Pius X (Festus),1
2020-10-08,Dixon,3,Webb City,2
2020-10-08,Father Tolton,0,Veritas Christian Academy,3
2020-10-08,Ft. Zumwalt East,3,Washington,1
2020-10-08,Parkview,1,Webb City,2
2020-10-08,Rockwood Summit,2,Webster Groves,3
2020-10-08,Bolivar,3,Willard,1
2020-10-08,Ruskin,5,Winnetonka,1
2020-10-09,Maryville,0,Carthage,8
2020-10-09,Sacred Heart,1,Cole Camp,0
2020-10-09,Laquey,1,Fair Grove,0
2020-10-09,East (Kansas City),2,Francis Howell,1
2020-10-09,Jefferson City,2,Ft. Zumwalt South,1
2020-10-09,Smithton,1,Green Ridge,2
2020-10-09,Westminster Christian Academy,0,Kirkwood,5
2020-10-09,Whitfield,1,Priory,4
2020-10-09,Parkway Central,0,Rockwood Summit,2
2020-10-09,St. Paul Lutheran (Farmington),1,The Fulton School,6
2020-10-09,Pattonville,0,Timberland,8
2020-10-09,DeSoto,4,Windsor (Imperial),3
2020-10-09,Lutheran St. Charles,5,Winfield,1
2020-10-10,Warrensburg,8,Cameron,0
2020-10-10,St. Paul Lutheran (Concordia),0,Carthage,7
2020-10-10,Waynesville,2,Central (Springfield),1
2020-10-10,Marquette,2,Chaminade College Prep,1
2020-10-10,Jefferson City,1,Francis Howell,2
2020-10-10,Rock Bridge,1,Ft. Zumwalt South,9
2020-10-10,Ozark,0,Jefferson City,1
2020-10-10,Clayton,0,John Burroughs,4
2020-10-10,McDonald County,0,Joplin,8
2020-10-10,Battle,5,Marshall,3
2020-10-10,Springfield Catholic,0,Monett,1
2020-10-10,Northeast (Kansas City),1,Pembroke Hill,9
2020-10-10,Union,3,Poplar Bluff,1
2020-10-10,Guadalupe Centers Charter,2,Rock Bridge,2
2020-10-10,Webster Groves,1,SLUH,2
2020-10-10,Lindbergh,2,Vianney,1
2020-10-12,Raymore-Peculiar,1,Blue Springs,0
2020-10-12,Lee's Summit West,1,Blue Springs South,3
2020-10-12,Odessa,1,Center,2
2020-10-12,John Burroughs,3,Chaminade College Prep,2
2020-10-12,Whitfield,2,Clayton,1
2020-10-12,Camdenton,0,Clinton,6
2020-10-12,Eureka,0,De Smet Jesuit,4
2020-10-12,St. Pius X (Festus),2,DeSoto,1
2020-10-12,Crocker,1,Dixon,8
2020-10-12,Sikeston,1,Farmington,0
2020-10-12,Mexico,2,Fulton,3
2020-10-12,Nixa,0,Glendale,1
2020-10-12,Jefferson City,3,Helias Catholic,0
2020-10-12,Perryville,0,Jackson,4
2020-10-12,Springfield Catholic,2,Joplin,0
2020-10-12,Raytown South,2,Kearney,1
2020-10-12,Willard,1,Knob Noster,2
2020-10-12,Westminster Christian Academy,0,Lafayette (Wildwood),1
2020-10-12,Fatima,0,Laquey,5
2020-10-12,Park Hill,2,Liberty North,0
2020-10-12,Affton,0,Lutheran South,4
2020-10-12,Lindbergh,7,Mehlville,2
2020-10-12,Seckman,1,North County,2
2020-10-12,Central (St. Joseph),3,North Kansas City,6
2020-10-12,Timberland,1,Northwest (Cedar Hill),0
2020-10-12,Staley,1,Oak Park,2
2020-10-12,Parkway South,1,Oakville,3
2020-10-12,St. Francis Borgia,5,Pacific,2
2020-10-12,Lee's Summit,0,Park Hill South,1
2020-10-12,Trinity Catholic,1,Parkway North,8
2020-10-12,Lebanon,4,Rolla,0
2020-10-12,Guadalupe Centers Charter,2,Savannah,1
2020-10-12,Washington,6,St. Clair,1
2020-10-12,Francis Howell Central,1,St. Dominic,2
2020-10-12,Windsor (Imperial),1,Webster Groves,3
2020-10-12,Oak Grove,0,St. Michael the Archangel,3
2020-10-12,Summit Christian Academy,1,Warrensburg,4
2020-10-12,Vianney,0,Webster Groves,5
2020-10-12,Orchard Farm,8,Winfield,0
2020-10-12,Fort Osage,2,Winnetonka,3
2020-10-12,Warrenton,1,Wright City,2
2020-10-13,Monett,3,Aurora,1
2020-10-13,Rock Bridge,5,Battle,0
2020-10-13,Lutheran North,2,Bishop DuBourg,8
2020-10-13,Cameron,0,Bishop LeBlond,8
2020-10-13,St. Paul Lutheran (Concordia),3,Boonville,2
2020-10-13,Webb City,1,Carthage,5
2020-10-13,Lafayette (St. Joseph),1,Chillicothe,2
2020-10-13,Northeast (Kansas City),3,East (Kansas City),4
2020-10-13,Union,3,Festus,2
2020-10-13,Raytown,0,Fort Osage,1
2020-10-13,Troy Buchanan,0,Francis Howell,3
2020-10-13,Holt,1,Francis Howell Central,7
2020-10-13,Francis Howell North,0,Ft. Zumwalt East,6
2020-10-13,Washington,2,Ft. Zumwalt North,1
2020-10-13,Crocker,6,Green Ridge,3
2020-10-13,Windsor (Imperial),2,Hillsboro,3
2020-10-13,Platte County,1,Kearney,0
2020-10-13,Lutheran (Kansas City),3,Knob Noster,1
2020-10-13,Kirkwood,3,Ladue Horton Watkins,4
2020-10-13,Timberland,1,Lafayette (Wildwood),2
2020-10-13,Osage,1,Laquey,0
2020-10-13,Ft. Zumwalt South,2,Liberty (Wentzville),1
2020-10-13,Fox,0,Lindbergh,7
2020-10-13,Fair Grove,1,Logan-Rogersville,6
2020-10-13,Affton,0,Lutheran South,4
2020-10-13,Rockwood Summit,0,Marquette,2
2020-10-13,Marshfield,0,McDonald County,1
2020-10-13,Kirksville,3,Mexico,5
2020-10-13,Priory,1,MICDS,3
2020-10-13,Willard,2,Nixa,1
2020-10-13,Westminster Christian Academy,3,Northwest (Cedar Hill),2
2020-10-13,Central (Cape Girardeau),0,Notre Dame (Cape Girardeau),8
2020-10-13,Harrisonville,3,Oak Grove,0
2020-10-13,Pattonville,0,Oakville,2
2020-10-13,Excelsior Springs,0,Odessa,1
2020-10-13,Joplin,1,Ozark,6
2020-10-13,Camdenton,0,Parkview,4
2020-10-13,Center,2,Pleasant Hill,6
2020-10-13,Branson,7,Republic,1
2020-10-13,Smithville,2,Ruskin,1
2020-10-13,Cole Camp,0,Sacred Heart,1
2020-10-13,Lone Jack,2,Smithton,1
2020-10-13,St. Charles,6,St. Charles West,0
2020-10-13,Grain Valley,1,St. Charles,3
2020-10-13,Clinton,7,Warrensburg,1
2020-10-13,Kickapoo,1,Waynesville,0
2020-10-13,Central (Springfield),1,West Plains,2
2020-10-13,Belton,0,William Chrisman,2
2020-10-14,Cameron,1,Benton,9
2020-10-14,Raymore-Peculiar,0,Blue Springs South,1
2020-10-14,Lee's Summit,8,Central (St. Joseph),0
2020-10-14,St. Clair,3,Dixon,9
2020-10-14,Ft. Zumwalt North,4,Duchesne,2
2020-10-14,Francis Howell,3,Eureka,1
2020-10-14,Perryville,2,Farmington,0
2020-10-14,Ft. Zumwalt South,2,Ft. Zumwalt West,3
2020-10-14,Father Tolton,2,Guadalupe Centers Charter,4
2020-10-14,Rolla,0,Helias Catholic,3
2020-10-14,Lee's Summit North,0,Lee's Summit West,1
2020-10-14,Liberty,1,Liberty North,0
2020-10-14,Parkway West,2,Mehlville,3
2020-10-14,DeSoto,3,North County,5
2020-10-14,Staley,0,North Kansas City,5
2020-10-14,Park Hill South,2,Oak Park,1
2020-10-14,Blue Springs,2,Park Hill,0
2020-10-14,John Burroughs,5,Parkway Central,0
2020-10-14,Grandview,0,Raytown South,8
2020-10-14,Lafayette (St. Joseph),0,Savannah,3
2020-10-14,St. Francis Borgia,2,St. Pius X (Festus),0
2020-10-14,Chaminade College Prep,2,Vianney,0
2020-10-14,Affton,1,Whitfield,5
2020-10-14,St. Charles,6,Wright City,1
2020-10-15,Webb City,1,Aurora,2
2020-10-15,Fatima,1,Battle,3
2020-10-15,Raytown,0,Belton,4
2020-10-15,Chillicothe,1,Benton,3
2020-10-15,Principia,0,Bishop DuBourg,1
2020-10-15,West Plains,8,Camdenton,0
2020-10-15,Jackson,5,Central (Cape Girardeau),0
2020-10-15,Rolla,2,Central (Springfield),0
2020-10-15,Parkway Central,0,Chaminade College Prep,1
2020-10-15,Oakville,1,Clayton,3
2020-10-15,Knob Noster,0,Clinton,8
2020-10-15,Willard,0,Cole Camp,2
2020-10-15,Ladue Horton Watkins,2,Eureka,1
2020-10-15,Ruskin,3,Excelsior Springs,2
2020-10-15,Ft. Zumwalt West,4,Ft. Zumwalt North,1
2020-10-15,Pembroke Hill,2,Harrisonville,1
2020-10-15,Grandview,0,Kearney,6
2020-10-15,Canton,1,Kirksville,7
2020-10-15,Bishop LeBlond,6,Lafayette (St. Joseph),0
2020-10-15,Northwest (Cedar Hill),0,Lafayette (Wildwood),3
2020-10-15,Glendale,6,Lebanon,0
2020-10-15,East (Kansas City),2,Lincoln College Prep,4
2020-10-15,Webster Groves,2,Lindbergh,3
2020-10-15,Pleasant Hill,4,Lone Jack,2
2020-10-15,Center,9,Lutheran (Kansas City),4
2020-10-15,MICDS,6,Lutheran North,0
2020-10-15,Warrensburg,1,Marshall,5
2020-10-15,Logan-Rogersville,1,McDonald County,0
2020-10-15,Hannibal,1,Mexico,0
2020-10-15,Cristo Rey,0,Northeast (Kansas City),8
2020-10-15,Cameron,0,Odessa,8
2020-10-15,Liberty,3,Park Hill,1
2020-10-15,Bolivar,3,Parkview,2
2020-10-15,Affton,0,Pattonville,7
2020-10-15,Sikeston,0,Perryville,8
2020-10-15,Smithville,1,Platte County,0
2020-10-15,Lutheran South,0,Priory,5
2020-10-15,Savannah,0,Rock Bridge,1
2020-10-15,Guadalupe Centers Charter,1,Rockhurst,2
2020-10-15,Green Ridge,0,Smithton,3
2020-10-15,Fulton,0,Southern Boone,3
2020-10-15,Orchard Farm,7,St. Charles West,0
2020-10-15,Rockwood Summit,0,St. Dominic,2
2020-10-15,Oak Grove,1,St. Paul Lutheran (Concordia),0
2020-10-15,St. Clair,1,St. Pius X (Festus),9
2020-10-15,Warrenton,2,Webb City,1
2020-10-15,Father Tolton,3,Trinity Catholic,0
2020-10-15,Holt,0,Troy Buchanan,1
2020-10-15,Fort Osage,1,St. Charles,2
2020-10-15,Ft. Zumwalt East,4,Veritas Christian Academy,2
2020-10-15,Francis Howell North,2,Washington,1
2020-10-15,Timberland,1,Westminster Christian Academy,0
2020-10-15,Grain Valley,1,William Chrisman,0
2020-10-15,Parkway North,2,Windsor (Imperial),0
2020-10-15,Union,1,Winfield,0
2020-10-15,Raytown South,4,Winnetonka,0
2020-10-16,SLUH,0,Chaminade College Prep,1
2020-10-16,Willard,0,Cole Camp,4
2020-10-16,Smithton,1,Fair Grove,2
2020-10-16,Union,4,Fatima,0
2020-10-16,Francis Howell North,0,Francis Howell Central,2
2020-10-16,St. Paul Lutheran (Concordia),4,Green Ridge,1
2020-10-16,Francis Howell,2,Kirkwood,1
2020-10-16,Fox,2,Lutheran South,5
2020-10-16,Ozark,1,Monett,2
2020-10-16,Parkway North,0,Parkway West,2
2020-10-16,Rolla,1,Poplar Bluff,0
2020-10-16,Parkway South,1,Rockwood Summit,0
2020-10-16,St. Francis Borgia,3,Waynesville,2
2020-10-17,Jefferson City,7,Battle,0
2020-10-17,Laquey,2,Cole Camp,1
2020-10-17,St. Paul Lutheran (Concordia),3,Cole Camp,1
2020-10-17,Priory,0,De Smet Jesuit,3
2020-10-17,Laquey,1,Fair Grove,0
2020-10-17,Parkway North,0,Ft. Zumwalt East,3
2020-10-17,Kirksville,2,Fulton,3
2020-10-17,Smithton,4,Green Ridge,0
2020-10-17,Nixa,1,Helias Catholic,0
2020-10-17,Nixa,0,Jefferson City,7
2020-10-17,Clayton,0,Ladue Horton Watkins,2
2020-10-17,Chillicothe,3,Mexico,1
2020-10-17,Whitfield,0,MICDS,2
2020-10-17,Waynesville,1,Poplar Bluff,2
2020-10-17,St. Francis Borgia,2,Rolla,0
2020-10-17,Willard,0,Smithton,2
2020-10-17,SLUH,1,St. Dominic,3
2020-10-17,Father Tolton,3,Webster Groves,2
2020-10-17,Dixon,0,West Plains,7
2020-10-19,Savannah,3,Battle,0
2020-10-19,Liberty North,0,Blue Springs,5
2020-10-19,Park Hill,1,Blue Springs South,2
2020-10-19,Hannibal,3,Chillicothe,0
2020-10-19,Trinity Catholic,0,Clayton,8
2020-10-19,Southern Boone,2,Father Tolton,0
2020-10-19,Timberland,1,Ft. Zumwalt North,4
2020-10-19,Odessa,0,Harrisonville,5
2020-10-19,Farmington,0,Jackson,5
2020-10-19,Marquette,0,Lafayette (Wildwood),1
2020-10-19,Oak Park,0,Lee's Summit,8
2020-10-19,Raymore-Peculiar,3,Lee's Summit North,4
2020-10-19,Lee's Summit West,0,Liberty,2
2020-10-19,Rockwood Summit,4,Lindbergh,1
2020-10-19,Principia,1,Lutheran South,4
2020-10-19,St. Paul Lutheran (Concordia),1,Marshall,3
2020-10-19,Mexico,2,Moberly,0
2020-10-19,Bolivar,0,Monett,1
2020-10-19,Parkway North,3,Northwest (Cedar Hill),2
2020-10-19,North Kansas City,0,Park Hill South,3
2020-10-19,Parkway Central,0,Parkway South,3
2020-10-19,Pattonville,2,Parkway West,1
2020-10-19,Raytown South,4,Raytown,0
2020-10-19,Notre Dame (Cape Girardeau),8,Sikeston,0
2020-10-19,Duchesne,2,St. Charles West,3
2020-10-19,Affton,1,Webster Groves,3
2020-10-19,Guadalupe Centers Charter,4,St. Pius X (Kansas City),1
2020-10-19,Central (St. Joseph),0,Staley,3
2020-10-19,St. Clair,2,Webb City,1
2020-10-19,Fox,0,Veritas Christian Academy,3
2020-10-19,Seckman,3,Windsor (Imperial),0
2020-10-20,Webb City,1,Branson,2
2020-10-20,Savannah,4,Capital City,0
2020-10-20,Nixa,1,Carthage,0
2020-10-20,Warrensburg,0,Center,3
2020-10-20,Pattonville,0,Clayton,1
2020-10-20,St. Dominic,0,De Smet Jesuit,1
2020-10-20,Lutheran South,3,DeSoto,1
2020-10-20,SLUH,3,Eureka,0
2020-10-20,Pleasant Hill,4,Excelsior Springs,1
2020-10-20,Ft. Zumwalt North,1,Francis Howell North,0
2020-10-20,Washington,0,Ft. Zumwalt South,3
2020-10-20,Troy Buchanan,0,Ft. Zumwalt West,2
2020-10-20,Central (Springfield),0,Glendale,7
2020-10-20,Belton,4,Grain Valley,2
2020-10-20,Aurora,1,Greenwood,4
2020-10-20,Fulton,2,Hannibal,3
2020-10-20,Festus,2,Hillsboro,1
2020-10-20,Francis Howell,3,Holt,2
2020-10-20,Winnetonka,0,Kearney,1
2020-10-20,Chillicothe,5,Kirksville,4
2020-10-20,Westminster Christian Academy,1,Ladue Horton Watkins,2
2020-10-20,Kirkwood,1,Lafayette (Wildwood),2
2020-10-20,West Plains,0,Logan-Rogersville,1
2020-10-20,Cole Camp,0,Lone Jack,8
2020-10-20,Trinity Catholic,2,Lutheran North,1
2020-10-20,Marquette,0,Mehlville,0
2020-10-20,Wright City,2,Mexico,7
2020-10-20,St. Francis Borgia,0,MICDS,7
2020-10-20,Boonville,4,Missouri Military Academy,2
2020-10-20,Northwest (Cedar Hill),8,Pacific,0
2020-10-20,Lebanon,6,Parkview,0
2020-10-20,Duchesne,0,Priory,8
2020-10-20,St. Charles,5,Raytown,0
2020-10-20,Carl Junction,0,Republic,5
2020-10-20,Camdenton,0,Rolla,1
2020-10-20,Platte County,4,Ruskin,0
2020-10-20,Bishop LeBlond,4,Savannah,5
2020-10-20,Grandview,0,Smithville,1
2020-10-20,Waynesville,1,Springfield Catholic,4
2020-10-20,Ft. Zumwalt East,2,St. Charles West,0
2020-10-20,Lafayette (St. Joseph),1,St. Pius X (Kansas City),2
2020-10-20,Green Ridge,0,Summit Christian Academy,5
2020-10-20,Francis Howell Central,1,Timberland,2
2020-10-20,Webb City,1,Union,2
2020-10-20,Guadalupe Centers Charter,1,Van Horn,2
2020-10-20,Oakville,0,Vianney,3
2020-10-20,Chaminade College Prep,1,Webster Groves,2
2020-10-20,Parkway Central,3,Whitfield,0
2020-10-20,Ozark,1,Willard,0
2020-10-20,Fort Osage,0,William Chrisman,1
2020-10-21,Benton,7,Cameron,0
2020-10-21,Park Hill South,3,Central (St. Joseph),0
2020-10-21,Affton,3,Fox,4
2020-10-21,Central (Cape Girardeau),4,Fredericktown,3
2020-10-21,Notre Dame (Cape Girardeau),1,Jackson,2
2020-10-21,Fatima,0,Jefferson City,7
2020-10-21,Staley,0,Lee's Summit,1
2020-10-21,Blue Springs,2,Liberty,0
2020-10-21,Blue Springs South,4,Liberty North,3
2020-10-21,Center,3,Lincoln College Prep,2
2020-10-21,Marshfield,0,Logan-Rogersville,2
2020-10-21,Oak Park,2,North Kansas City,4
2020-10-21,Odessa,0,Oak Grove,1
2020-10-21,Lee's Summit North,4,Park Hill,3
2020-10-21,Parkway South,3,Parkway North,0
2020-10-21,Windsor (Imperial),2,Perryville,6
2020-10-21,Lee's Summit West,4,Raymore-Peculiar,1
2020-10-21,Lindbergh,1,SLUH,0
2020-10-21,John Burroughs,5,Webster Groves,0
2020-10-21,Pacific,0,Washington,4
2020-10-22,Farmington,5,Affton,1
2020-10-22,Carl Junction,1,Aurora,5
2020-10-22,St. Pius X (Kansas City),3,Benton,4
2020-10-22,Republic,1,Bolivar,0
2020-10-22,Savannah,8,Boonville,0
2020-10-22,Osage,3,Camdenton,1
2020-10-22,Parkway West,2,Clayton,4
2020-10-22,Marshfield,4,Crocker,1
2020-10-22,SLUH,0,De Smet Jesuit,2
2020-10-22,Marshall,1,Father Tolton,0
2020-10-22,Helias Catholic,4,Fatima,1
2020-10-22,Belton,6,Fort Osage,0
2020-10-22,Ft. Zumwalt West,2,Francis Howell Central,3
2020-10-22,Troy Buchanan,1,Francis Howell North,0
2020-10-22,DeSoto,4,Fredericktown,3
2020-10-22,Duchesne,0,Ft. Zumwalt East,7
2020-10-22,Parkview,0,Glendale,5
2020-10-22,Warrenton,0,Hannibal,8
2020-10-22,Timberland,2,Holt,1
2020-10-22,Excelsior Springs,1,Kearney,5
2020-10-22,Eureka,1,Kirkwood,4
2020-10-22,Ft. Zumwalt North,0,Liberty (Wentzville),1
2020-10-22,St. Michael the Archangel,7,Lincoln College Prep,3
2020-10-22,Knob Noster,1,Lone Jack,7
2020-10-22,Principia,4,Lutheran North,0
2020-10-22,St. Pius X (Festus),0,Lutheran South,5
2020-10-22,Lindbergh,0,Marquette,2
2020-10-22,Joplin,2,McDonald County,0
2020-10-22,Parkway South,2,Mehlville,0
2020-10-22,Battle,3,Missouri Military Academy,3
2020-10-22,Branson,3,Monett,4
2020-10-22,Hillsboro,0,Notre Dame (Cape Girardeau),6
2020-10-22,Northwest (Cedar Hill),1,Oakville,2
2020-10-22,Warrensburg,0,Odessa,5
2020-10-22,West Plains,0,Ozark,3
2020-10-22,Union,3,Pacific,2
2020-10-22,Francis Howell,1,Parkway Central,0
2020-10-22,East (Kansas City),1,Pembroke Hill,0
2020-10-22,Grandview,1,Platte County,2
2020-10-22,Harrisonville,6,Pleasant Hill,3
2020-10-22,Chaminade College Prep,1,Priory,0
2020-10-22,Grain Valley,0,Raytown,1
2020-10-22,Kickapoo,8,Rolla,0
2020-10-22,Raytown South,3,Ruskin,1
2020-10-22,Chillicothe,0,Savannah,1
2020-10-22,Pattonville,3,Seckman,0
2020-10-22,Festus,0,Sikeston,2
2020-10-22,Willard,0,Springfield Catholic,3
2020-10-22,Ft. Zumwalt South,1,St. Dominic,3
2020-10-22,Webster Groves,0,St. Francis Borgia,2
2020-10-22,MICDS,4,Trinity Catholic,2
2020-10-22,William Chrisman,0,St. Charles,1
2020-10-22,Bishop DuBourg,0,Veritas Christian Academy,4
2020-10-22,Cassville,0,Webb City,1
2020-10-22,St. Charles West,0,Westminster Christian Academy,7
2020-10-22,Smithville,3,Winnetonka,0
2020-10-23,Rolla,0,Glendale,8
2020-10-23,Lafayette (St. Joseph),2,Lutheran (Kansas City),3
2020-10-23,Capital City,0,Nixa,4
2020-10-23,Lee's Summit,6,North Kansas City,0
2020-10-23,Lafayette (Wildwood),2,Pattonville,1
2020-10-23,Fredericktown,0,Perryville,8
2020-10-23,Timberland,0,Rockwood Summit,5
2020-10-23,Cristo Rey,1,Ruskin,5
2020-10-23,John Burroughs,5,Whitfield,0
2020-10-23,St. Charles,6,Winfield,0
2020-10-24,Veritas Christian Academy,5,Duchesne,1
2020-10-24,Lafayette (Wildwood),0,Francis Howell,5
2020-10-24,Marshall,1,Hannibal,4
2020-10-24,Rock Bridge,1,Jackson,0
2020-10-24,Jefferson City,4,Jackson,1
2020-10-24,Capital City,0,Nixa,4
2020-10-24,Park Hill South,1,Park Hill,2
2020-10-24,Rock Bridge,8,Poplar Bluff,0
2020-10-24,Webster Groves,3,Priory,1
2020-10-24,Carthage,0,Rockhurst,3
2020-10-24,MICDS,2,SLUH,1
2020-10-24,Cassville,0,Springfield Catholic,3
2020-10-24,Eureka,2,Vianney,3
2020-10-26,Blue Springs South,1,Blue Springs,2
2020-10-26,Lafayette (St. Joseph),8,Cameron,0
2020-10-26,Father Tolton,6,Canton,3
2020-10-26,Pacific,2,DeSoto,3
2020-10-26,Park Hill,1,Lee's Summit West,5
2020-10-26,Bishop DuBourg,0,Lutheran St. Charles,2
2020-10-26,St. Pius X (Kansas City),5,Maryville,3
2020-10-26,Lee's Summit,6,North Kansas City,0
2020-10-26,Affton,0,Northwest (Cedar Hill),8
2020-10-26,Helias Catholic,1,Osage,3
2020-10-26,Staley,0,Park Hill South,3
2020-10-26,Fox,0,Parkway North,4
2020-10-26,Priory,5,Principia,0
2020-10-26,Liberty,1,Raymore-Peculiar,0
2020-10-26,Platte County,1,Smithville,2
2020-10-27,Lee's Summit North,3,Blue Springs,4
2020-10-27,Willard,4,Carl Junction,0
2020-10-27,Ozark,1,Carthage,2
2020-10-27,Monett,4,Cassville,0
2020-10-27,Poplar Bluff,0,Central (Cape Girardeau),1
2020-10-27,Benton,3,Chillicothe,5
2020-10-27,Parkway North,0,Eureka,8
2020-10-27,Clinton,1,Excelsior Springs,0
2020-10-27,Grain Valley,6,Fort Osage,4
2020-10-27,Washington,0,Francis Howell North,1
2020-10-27,Liberty (Wentzville),2,Ft. Zumwalt East,3
2020-10-27,St. Charles West,0,Ft. Zumwalt North,1
2020-10-27,Francis Howell Central,3,Ft. Zumwalt South,5
2020-10-27,Ruskin,1,Grandview,2
2020-10-27,Logan-Rogersville,2,Greenwood,1
2020-10-27,Pembroke Hill,1,Guadalupe Centers Charter,2
2020-10-27,Moberly,0,Hannibal,8
2020-10-27,Center,0,Harrisonville,5
2020-10-27,St. Dominic,1,John Burroughs,0
2020-10-27,Webb City,3,Joplin,1
2020-10-27,Marshall,1,Kirksville,2
2020-10-27,Green Ridge,2,Knob Noster,1
2020-10-27,Summit Christian Academy,2,Lafayette (St. Joseph),3
2020-10-27,Ft. Zumwalt West,1,Lafayette (Wildwood),2
2020-10-27,Webster Groves,0,Mehlville,7
2020-10-27,Pattonville,0,MICDS,4
2020-10-27,Windsor (Imperial),1,North County,2
2020-10-27,East (Kansas City),3,Northeast (Kansas City),0
2020-10-27,Warrensburg,1,Oak Grove,6
2020-10-27,Christian Brothers College,3,Oakville,0
2020-10-27,Pleasant Hill,10,Odessa,2
2020-10-27,Fulton,2,Osage,1
2020-10-27,Webb City,2,Pacific,7
2020-10-27,Central (Springfield),1,Parkview,3
2020-10-27,Ladue Horton Watkins,2,Parkway Central,0
2020-10-27,Clayton,4,Parkway South,1
2020-10-27,Rockwood Summit,1,Parkway West,0
2020-10-27,Winnetonka,0,Platte County,2
2020-10-27,Liberty,1,Raymore-Peculiar,0
2020-10-27,Kearney,0,Raytown South,3
2020-10-27,Nixa,2,Republic,0
2020-10-27,Capital City,0,Rock Bridge,8
2020-10-27,Farmington,2,Seckman,1
2020-10-27,Holt,6,St. Charles,0
2020-10-27,Northwest (Cedar Hill),3,St. Francis Borgia,4
2020-10-27,Trinity Catholic,0,Webster Groves,3
2020-10-27,Francis Howell,3,Timberland,1
2020-10-27,Belton,0,St. Charles,1
2020-10-27,Warrenton,0,Union,6
2020-10-27,Lincoln College Prep,2,Van Horn,4
2020-10-27,Jefferson City,6,Waynesville,0
2020-10-27,Raytown,0,William Chrisman,5
2020-10-28,Lutheran North,0,Affton,5
2020-10-28,Duchesne,1,Bishop DuBourg,0
2020-10-28,Lee's Summit North,3,Blue Springs,4
2020-10-28,North Kansas City,5,Central (St. Joseph),0
2020-10-28,Poplar Bluff,0,Farmington,7
2020-10-28,Ruskin,1,Grandview,2
2020-10-28,Fox,3,Hillsboro,2
2020-10-28,Republic,0,Kickapoo,2
2020-10-28,Chillicothe,4,Lafayette (St. Joseph),0
2020-10-28,Blue Springs South,2,Liberty,1
2020-10-28,Lee's Summit West,6,Liberty North,1
2020-10-28,Windsor (Imperial),0,Pacific,5
2020-10-28,Raymore-Peculiar,1,Park Hill,2
2020-10-28,Trinity Catholic,0,Principia,5
2020-10-28,Clayton,0,Priory,3
2020-10-28,Oak Park,3,Staley,2
2020-10-28,Lutheran South,0,Westminster Christian Academy,1
2020-10-28,St. Charles West,1,Whitfield,8
2020-10-28,Warrenton,0,Winfield,1
2020-10-29,William Chrisman,0,Belton,3
2020-10-29,Blue Springs South,1,Blue Springs,2
2020-10-29,Branson,4,Bolivar,1
2020-10-29,Waynesville,0,Capital City,2
2020-10-29,Willard,4,Carl Junction,0
2020-10-29,Springfield Catholic,2,Carthage,1
2020-10-29,Ft. Zumwalt West,0,Francis Howell,3
2020-10-29,Marquette,2,Francis Howell Central,1
2020-10-29,Liberty (Wentzville),4,Francis Howell North,0
2020-10-29,Timberland,2,Ft. Zumwalt East,1
2020-10-29,Canton,1,Fulton,9
2020-10-29,St. Charles,1,Grain Valley,2
2020-10-29,Lebanon,3,Greenwood,1
2020-10-29,Parkview,1,Kickapoo,4
2020-10-29,Green Ridge,2,Knob Noster,1
2020-10-29,Odessa,4,Lutheran (Kansas City),1
2020-10-29,Boonville,0,Moberly,8
2020-10-29,Nixa,2,Monett,1
2020-10-29,St. Charles,2,Orchard Farm,3
2020-10-29,Ft. Zumwalt North,1,Parkway North,3
2020-10-29,Parkway Central,0,Pattonville,1
2020-10-29,Clinton,3,Pleasant Hill,2
2020-10-29,Fort Osage,4,Raytown,1
2020-10-29,Smithville,0,Raytown South,3
2020-10-29,Lee's Summit North,0,Rockhurst,1
2020-10-29,Chaminade College Prep,1,Rockwood Summit,2
2020-10-29,Kearney,3,Ruskin,0
2020-10-29,Webster Groves,2,Seckman,0
2020-10-29,Ozark,1,Savannah,4
2020-10-29,Webb City,1,St. Francis Borgia,7
2020-10-29,Lutheran South,1,Veritas Christian Academy,4
2020-10-29,Battle,4,Warrenton,0
2020-10-29,Troy Buchanan,2,Washington,0
2020-10-29,McDonald County,0,Webb City,7
2020-10-29,Oakville,8,Windsor (Imperial),0
2020-10-29,Grandview,1,Winnetonka,0
2020-10-29,Festus,5,Wright City,3
2020-10-30,Central (Springfield),1,Camdenton,0
2020-10-31,Trinity Catholic,1,St. Paul Lutheran (Farmington),3
2020-10-31,Maryville,8,Cameron,0
2020-10-31,Lutheran (Kansas City),6,Cristo Rey,1
2020-10-31,Duchesne,6,Lutheran North,0
2020-10-31,Aurora,4,Cassville,3
2020-10-31,Kirksville,2,Boonville,3
2020-10-31,Ladue Horton Watkins,6,Principia,0
2020-10-31,Clayton,3,Parkway West,1
2020-10-31,Webb City,5,McDonald County,2
2020-10-31,Lindbergh,8,Fox,0
2020-10-31,Vianney,3,Oakville,0
2020-10-31,John Burroughs,1,Kirkwood,2
2020-10-31,Chaminade College Prep,1,SLUH,0
2020-10-31,Jefferson City,6,Capital City,0
2020-10-31,Savannah,6,Helias Catholic,1
2020-10-31,Rockhurst,8,Raytown,0
2020-10-31,St. Charles,2,Fort Osage,0
2020-11-02,Whitfield,8,St. Paul Lutheran (Farmington),0
2020-11-02,St. Pius X (Festus),6,Bishop DuBourg,3
2020-11-02,Lutheran St. Charles,8,The Fulton School,0
2020-11-02,Wright City,1,Winfield,0
2020-11-02,Southern Boone,7,Canton,0
2020-11-02,Father Tolton,5,Missouri Military Academy,0
2020-11-02,Cole Camp,1,Willard,0
2020-11-02,Smithton,5,Green Ridge,0
2020-11-02,Dixon,5,Iberia,1
2020-11-02,Fatima,8,Crocker,1
2020-11-02,Summit Christian Academy,5,Knob Noster,0
2020-11-02,Maryville,8,Lutheran (Kansas City),2
2020-11-02,Affton,6,Fredericktown,3
2020-11-02,Orchard Farm,8,Duchesne,0
2020-11-02,Veritas Christian Academy,4,St. Charles West,0
2020-11-02,Westminster Christian Academy,8,St. Clair,0
2020-11-02,MICDS,6,Webb City,1
2020-11-02,Logan-Rogersville,6,Aurora,1
2020-11-02,Monett,3,Greenwood,0
2020-11-02,Excelsior Springs,1,St. Pius X (Kansas City),3
2020-11-02,Chillicothe,3,Lafayette (St. Joseph),0
2020-11-02,North County,6,DeSoto,1
2020-11-02,Festus,0,Hillsboro,1
2020-11-02,Webster Groves,8,Windsor (Imperial),1
2020-11-02,Mehlville,3,Lutheran South,1
2020-11-02,Ft. Zumwalt East,1,St. Charles,0
2020-11-02,Parkway Central,3,Parkway North,2
2020-11-02,Rockwood Summit,4,Pacific,0
2020-11-02,St. Francis Borgia,6,Union,2
2020-11-02,Ft. Zumwalt South,11,Warrenton,0
2020-11-02,Hannibal,1,Marshall,0
2020-11-02,Sacred Heart,1,St. Paul Lutheran (Concordia),0
2020-11-02,Grain Valley,6,Warrensburg,2
2020-11-02,Lebanon,3,Marshfield,0
2020-11-02,Rolla,1,Camdenton,0
2020-11-02,Glendale,2,West Plains,0
2020-11-02,Branson,1,Springfield Catholic,3
2020-11-02,Willard,6,Parkview,2
2020-11-02,Belton,3,Ruskin,1
2020-11-02,Harrisonville,3,Grandview,1
2020-11-02,St. Michael the Archangel,7,William Chrisman,0
2020-11-02,Van Horn,3,Raytown South,2
2020-11-02,Guadalupe Centers Charter,3,East (Kansas City),5
2020-11-02,Pembroke Hill,5,Lincoln College Prep,3
2020-11-02,Platte County,2,Winnetonka,0
2020-11-02,Kearney,0,Smithville,1
2020-11-02,Jackson,8,Poplar Bluff,0
2020-11-02,Northwest (Cedar Hill),5,Seckman,2
2020-11-02,Parkway South,0,Eureka,4
2020-11-02,Lafayette (Wildwood),4,Washington,2
2020-11-02,De Smet Jesuit,2,Christian Brothers College,0
2020-11-02,Marquette,1,Priory,0
2020-11-02,Francis Howell Central,4,Pattonville,0
2020-11-02,Francis Howell,3,Francis Howell North,0
2020-11-02,St. Dominic,8,Ft. Zumwalt North,0
2020-11-02,Liberty (Wentzville),1,Ft. Zumwalt West,0
2020-11-02,Timberland,6,Battle,0
2020-11-02,Holt,3,Troy Buchanan,0
2020-11-02,Blue Springs,2,Rock Bridge,1
2020-11-02,Ozark,2,Central (Springfield),0
2020-11-02,Kickapoo,2,Waynesville,1
2020-11-02,Nixa,2,Joplin,1
2020-11-02,Carthage,2,Republic,3
2020-11-02,Lee's Summit,4,Raymore-Peculiar,0
2020-11-02,Lee's Summit West,2,Lee's Summit North,1
2020-11-02,Liberty,2,North Kansas City,1
2020-11-02,Park Hill South,3,Liberty North,0
2020-11-02,Oak Park,3,Central (St. Joseph),1
2020-11-02,Park Hill,3,Staley,1
2020-11-03,Laquey,0,Fair Grove,1
2020-11-03,Lone Jack,8,Summit Christian Academy,1
2020-11-03,Perryville,0,Webster Groves,2
2020-11-03,Pleasant Hill,4,Odessa,1
2020-11-03,Clinton,3,Osage,2
2020-11-03,Fulton,2,Boonville,0
2020-11-03,Mexico,1,Moberly,2
2020-11-03,Center,1,St. Pius X (Kansas City),2
2020-11-03,Oak Grove,5,Northeast (Kansas City),1
2020-11-03,Bishop LeBlond,4,Chillicothe,1
2020-11-03,Savannah,0,Benton,2
2020-11-03,Notre Dame (Cape Girardeau),1,Central (Cape Girardeau),0
2020-11-03,Sikeston,2,Farmington,0
2020-11-03,Ladue Horton Watkins,0,Clayton,1
2020-11-03,Lindbergh,4,Vianney,2
2020-11-03,Chaminade College Prep,1,Kirkwood,0
2020-11-03,Jefferson City,3,Savannah,0
2020-11-03,Rockhurst,7,St. Charles,1
2020-11-04,Lutheran St. Charles,4,Wright City,0
2020-11-04,Southern Boone,4,Father Tolton,0
2020-11-04,Cole Camp,1,Smithton,2
2020-11-04,Dixon,2,Fatima,3
2020-11-04,Orchard Farm,4,Veritas Christian Academy,0
2020-11-04,Westminster Christian Academy,1,MICDS,2
2020-11-04,Notre Dame (Cape Girardeau),5,Sikeston,0
2020-11-04,North County,2,Hillsboro,1
2020-11-04,Webster Groves,4,Mehlville,0
2020-11-04,Ft. Zumwalt East,2,Parkway Central,1
2020-11-04,Rockwood Summit,1,St. Francis Borgia,0
2020-11-04,Ft. Zumwalt South,8,Hannibal,0
2020-11-04,Sacred Heart,0,Grain Valley,3
2020-11-04,Lebanon,3,Rolla,1
2020-11-04,Glendale,1,Springfield Catholic,0
2020-11-04,Bolivar,1,Willard,0
2020-11-04,Belton,3,Harrisonville,4
2020-11-04,St. Michael the Archangel,0,Van Horn,1
2020-11-04,Pembroke Hill,2,East (Kansas City),1
2020-11-04,Platte County,2,Smithville,3
2020-11-04,Jackson,1,Northwest (Cedar Hill),0
2020-11-04,Lafayette (Wildwood),3,Eureka,4
2020-11-04,De Smet Jesuit,5,Marquette,1
2020-11-04,Francis Howell Central,1,Francis Howell,5
2020-11-04,St. Dominic,2,Liberty (Wentzville),1
2020-11-04,Timberland,1,Holt,2
2020-11-04,Ozark,2,Kickapoo,1
2020-11-04,Nixa,2,Republic,1
2020-11-04,Lee's Summit,1,Lee's Summit West,2
2020-11-04,Liberty,1,Park Hill South,0
2020-11-04,Oak Park,2,Park Hill,3
2020-11-05,Whitfield,3,St. Pius X (Festus),1
2020-11-05,Logan-Rogersville,2,Monett,3
2020-11-05,Pleasant Hill,2,Clinton,1
2020-11-05,Fulton,3,Moberly,2
2020-11-05,Oak Grove,1,St. Pius X (Kansas City),0
2020-11-05,Bishop LeBlond,4,Benton,3
2020-11-06,Smithton,0,Sacred Heart,1
2020-11-07,North County,0,Notre Dame (Cape Girardeau),5
2020-11-07,Clayton,3,Webster Groves,1
2020-11-07,Van Horn,2,Harrisonville,0
2020-11-07,Smithville,0,Pembroke Hill,1
2020-11-07,Rockwood Summit,7,Ft. Zumwalt East,0
2020-11-07,Grain Valley,0,Ft. Zumwalt South,4
2020-11-07,Glendale,6,Lebanon,0
2020-11-07,Lindbergh,2,Jackson,3
2020-11-07,Eureka,0,Chaminade College Prep,1
2020-11-07,Rockhurst,2,Lee's Summit West,1
2020-11-07,Park Hill,2,Liberty,1
2020-11-07,Francis Howell,0,De Smet Jesuit,3
2020-11-07,Holt,1,St. Dominic,4
2020-11-07,Jefferson City,4,Blue Springs,1
2020-11-07,Nixa,1,Ozark,2
2020-11-09,Bishop LeBlond,2,Oak Grove,1
2020-11-10,Lutheran St. Charles,2,Whitfield,5
2020-11-10,Maryville,0,Lone Jack,6
2020-11-10,Smithton,0,Southern Boone,5
2020-11-10,Orchard Farm,2,Webster Groves,1
2020-11-10,Monett,1,MICDS,5
2020-11-10,Fulton,1,Pleasant Hill,2
2020-11-10,Clayton,1,Notre Dame (Cape Girardeau),5
2020-11-10,Pembroke Hill,2,Van Horn,1
2020-11-10,Ft. Zumwalt South,1,Rockwood Summit,0
2020-11-10,Park Hill,1,Rockhurst,0
2020-11-10,St. Dominic,2,De Smet Jesuit,1
2020-11-10,Ozark,1,Jefferson City,2
2020-11-11,Chaminade College Prep,0,Jackson,1
2020-11-14,Lone Jack,0,Whitfield,8
2020-11-14,Bishop LeBlond,2,Orchard Farm,7
2020-11-14,Pleasant Hill,0,MICDS,4
2020-11-14,Pembroke Hill,0,Notre Dame (Cape Girardeau),1
2020-11-14,Glendale,1,Ft. Zumwalt South,3
2020-11-14,Park Hill,1,Jackson,2
2020-11-14,Jefferson City,0,St. Dominic,2
2020-11-20,Southern Boone,1,Whitfield,0
2020-11-20,Ft. Zumwalt South,3,Notre Dame (Cape Girardeau),0
2020-11-21,MICDS,1,Orchard Farm,0
2020-11-21,St. Dominic,0,Jackson,1
